image_index,digit,mse_noisy,mse_pca,mse_qrc,ssim_noisy,ssim_pca,ssim_qrc,tenegrad_clean,tenegrad_noisy,tenegrad_pca,tenegrad_qrc
0,7,0.017032982781529427,0.005267862230539322,0.006180223077535629,0.8944255113601685,0.9294660687446594,0.920913815498352,126975.1796875,94928.015625,104417.296875,110940.4140625
1,2,0.027846472337841988,0.02228330820798874,0.023417791351675987,0.8761259317398071,0.7703443169593811,0.7793480753898621,177937.359375,128663.8359375,114100.765625,110473.9453125
2,1,0.009380307048559189,0.002219167537987232,0.002686804858967662,0.9369807839393616,0.971231997013092,0.958092212677002,73128.34375,57010.55078125,68970.3671875,67853.8359375
3,0,0.03285776451230049,0.013843764550983906,0.012842183001339436,0.8681421875953674,0.9003490209579468,0.9106046557426453,169382.484375,126233.265625,146717.921875,145405.40625
4,4,0.0199454165995121,0.01026244554668665,0.010110318660736084,0.8847144842147827,0.8800317049026489,0.8579570651054382,133538.625,110211.40625,105453.265625,109025.75
5,1,0.014924990944564342,0.0015718130161985755,0.002388715511187911,0.9211509823799133,0.9782536625862122,0.9684191346168518,87652.9140625,66639.3125,80780.625,81225.4140625
6,4,0.015611105598509312,0.013289193622767925,0.01797507517039776,0.904114842414856,0.8011043667793274,0.7463322877883911,137031.03125,115049.0,92996.1015625,96285.671875
7,9,0.013316146098077297,0.02747350186109543,0.02746373787522316,0.9216352105140686,0.7289100289344788,0.7190361618995667,119249.8515625,98218.5859375,57610.25390625,52799.65234375
8,5,0.024975396692752838,0.03184834122657776,0.034389298409223557,0.8618711829185486,0.7206189632415771,0.6841961741447449,156285.203125,116421.34375,103065.90625,99969.3671875
9,9,0.02833874337375164,0.012876142747700214,0.014122205786406994,0.8756768703460693,0.8957500457763672,0.8695585131645203,154795.609375,127320.6484375,122788.453125,123535.875
10,0,0.027524927631020546,0.00722135417163372,0.007963627576828003,0.8618350028991699,0.9439707398414612,0.9357117414474487,197359.671875,150071.75,167964.875,159680.390625
11,6,0.019897961989045143,0.021580059081315994,0.024129049852490425,0.899588406085968,0.7908862829208374,0.7829190492630005,185260.859375,155570.828125,109635.1484375,100642.2734375
12,9,0.018463151529431343,0.00859056506305933,0.009917703457176685,0.9128682613372803,0.9114212989807129,0.9025858640670776,140917.34375,106850.640625,117028.3203125,123647.6328125
13,0,0.022967012599110603,0.006616718601435423,0.00789773091673851,0.8845272064208984,0.9508561491966248,0.9408234357833862,176528.765625,140184.859375,154243.53125,158089.65625
14,1,0.014027727767825127,0.005386175587773323,0.008299167267978191,0.9392860531806946,0.9440737962722778,0.9198631644248962,99653.9140625,75967.3125,82868.84375,80239.1953125
15,5,0.018277820199728012,0.02577073685824871,0.028574693948030472,0.8726478815078735,0.7180124521255493,0.6769168376922607,157813.3125,124746.078125,110092.1484375,97298.1484375
16,9,0.01692662388086319,0.008846409618854523,0.010807869955897331,0.9122083187103271,0.929152250289917,0.8976165652275085,154459.28125,130539.8203125,128217.03125,129743.9453125
17,7,0.015872448682785034,0.005431776866316795,0.008168235421180725,0.918793797492981,0.9300706386566162,0.9008251428604126,143594.65625,113416.7734375,121842.1171875,120771.109375
18,3,0.028979837894439697,0.037671737372875214,0.04472712054848671,0.8715137243270874,0.7147011756896973,0.6726050972938538,203664.609375,158722.890625,113477.5703125,115242.8359375
19,4,0.017259111627936363,0.007656283210963011,0.009752513840794563,0.8899140357971191,0.9188587069511414,0.8621132969856262,109912.875,79194.34375,89122.9609375,81829.765625
20,9,0.024532146751880646,0.010586263611912727,0.01041649654507637,0.8797650933265686,0.9004570841789246,0.8895498514175415,124325.6484375,98156.203125,108475.8125,110083.7734375
21,6,0.021654609590768814,0.006554342340677977,0.0074864584021270275,0.8822491765022278,0.9387422204017639,0.9238899946212769,143428.671875,105138.875,105068.9296875,104021.75
22,6,0.015539000742137432,0.021132616326212883,0.02519666589796543,0.9157105684280396,0.7873387336730957,0.7004287242889404,154145.15625,133420.921875,92480.546875,82834.828125
23,5,0.018108149990439415,0.012776491232216358,0.010951008647680283,0.8891586065292358,0.8594905138015747,0.8835276365280151,145511.6875,108123.8515625,107278.5859375,105938.671875
24,4,0.010345416143536568,0.011249157600104809,0.011532233096659184,0.9086806178092957,0.844443142414093,0.8115593791007996,87058.5078125,61787.71875,61637.91796875,49010.68359375
25,0,0.048237185925245285,0.02431720308959484,0.025661377236247063,0.819497287273407,0.8086913824081421,0.8143247365951538,189828.8125,158522.453125,141774.796875,137919.03125
26,7,0.014161285012960434,0.010291923768818378,0.012658107094466686,0.9041361808776855,0.8665536046028137,0.8492648005485535,110531.6953125,81089.546875,72391.5390625,72512.890625
27,4,0.018894923850893974,0.00648455461487174,0.007217773701995611,0.8996261358261108,0.923035740852356,0.9075935482978821,143763.46875,119302.6640625,115842.1953125,116593.53125
28,0,0.034156907349824905,0.014771796762943268,0.014038669876754284,0.847871720790863,0.8874666690826416,0.8924766182899475,179723.625,126497.0,143334.65625,149932.28125
29,1,0.012510190717875957,0.004790301900357008,0.0051163495518267155,0.9286186099052429,0.9394788146018982,0.9355228543281555,87350.875,66864.4453125,70171.765625,66244.9140625
30,3,0.023808497935533524,0.008607103489339352,0.010152922011911869,0.8885177969932556,0.9184763431549072,0.8967232704162598,140953.59375,112897.0859375,104851.9765625,101318.671875
31,1,0.00945942010730505,0.004339047707617283,0.004192835185676813,0.9403761029243469,0.9403707981109619,0.941215991973877,82042.09375,55828.28125,58110.40625,53483.45703125
32,3,0.017585856840014458,0.011710772290825844,0.010852672159671783,0.9030472636222839,0.8635209202766418,0.8785667419433594,157415.234375,120829.8359375,132716.15625,128128.203125
33,4,0.02363973669707775,0.019645409658551216,0.02311527729034424,0.8594212532043457,0.7901715636253357,0.7132125496864319,159275.5,124298.3828125,113205.8984375,88675.9765625
34,7,0.03238082304596901,0.013278608210384846,0.01158843096345663,0.8392395973205566,0.8448589444160461,0.8648927211761475,143399.765625,96209.1015625,107112.2421875,110848.0625
35,2,0.023876620456576347,0.016410302370786667,0.02075907774269581,0.8584004640579224,0.7865604162216187,0.7494555711746216,182858.96875,138478.71875,123561.484375,121015.484375
36,7,0.018225669860839844,0.020880669355392456,0.021153906360268593,0.8898517489433289,0.7821764349937439,0.7867268919944763,148117.625,108622.984375,94584.9375,106940.3359375
37,1,0.014872155152261257,0.0027453431393951178,0.0033752990420907736,0.9121557474136353,0.9704076051712036,0.9665539860725403,89544.9609375,65490.71484375,71521.234375,63003.90625
38,2,0.014998125843703747,0.01652541570365429,0.01961485482752323,0.9154236912727356,0.7582472562789917,0.7310562133789062,127525.5859375,101026.7421875,84228.734375,86471.4609375
39,1,0.015592874027788639,0.004237181972712278,0.003462115302681923,0.9309908747673035,0.9442755579948425,0.9599271416664124,90757.6015625,74803.6171875,80017.890625,75340.6640625
40,1,0.0028413417749106884,0.004129266366362572,0.0036655976437032223,0.973074734210968,0.9232447147369385,0.9251294732093811,56157.2421875,47168.67578125,45414.46484375,40063.92578125
41,7,0.01114552840590477,0.01602812297642231,0.02023964375257492,0.9216947555541992,0.8194453716278076,0.7708305716514587,111755.328125,89823.9140625,90437.59375,89851.015625
42,4,0.020166173577308655,0.011415379121899605,0.013760024681687355,0.9069445729255676,0.8984208106994629,0.8569842576980591,135246.671875,105795.1171875,114067.6328125,103906.9609375
43,2,0.01781482622027397,0.023867249488830566,0.02838848903775215,0.8745858073234558,0.6875666379928589,0.6517897844314575,109049.140625,70363.5625,38704.3046875,37262.0390625
44,3,0.020418528467416763,0.011336197145283222,0.012254019267857075,0.8782861232757568,0.8636511564254761,0.86380934715271,114240.3203125,84526.484375,75797.75,66304.28125
45,5,0.02080249786376953,0.011717435903847218,0.01197016704827547,0.8706402778625488,0.8782060146331787,0.8663210868835449,136336.671875,113736.734375,89407.4296875,94134.4375
46,1,0.010858751833438873,0.00685405358672142,0.007044666912406683,0.9411973357200623,0.9111264944076538,0.8946757912635803,93698.8984375,72858.1953125,68906.875,64613.42578125
47,2,0.014423958957195282,0.01787247508764267,0.019662614911794662,0.9020071625709534,0.7688987851142883,0.7321696877479553,108743.953125,83442.0,52985.79296875,54283.55078125
48,4,0.030031319707632065,0.01305097434669733,0.013294046744704247,0.8620515465736389,0.87484210729599,0.8809391260147095,147831.96875,117578.0,126378.2734375,119612.8828125
49,4,0.020468778908252716,0.013710725121200085,0.015883417800068855,0.8769957423210144,0.8371201753616333,0.8098317384719849,155381.5625,113685.2109375,115163.0,118062.3671875
50,6,0.01872122846543789,0.00578237883746624,0.00807963591068983,0.9067264199256897,0.9512547850608826,0.9421669840812683,131426.71875,98522.875,110181.28125,92654.1015625
51,3,0.02798076532781124,0.01873335801064968,0.01907980814576149,0.8912457823753357,0.8325623273849487,0.8298646211624146,198360.859375,168449.796875,131705.453125,126500.015625
52,5,0.017380185425281525,0.017494749277830124,0.01606885902583599,0.908840537071228,0.8309637308120728,0.8411835432052612,158100.5625,133711.890625,135543.796875,125923.171875
53,5,0.013043960556387901,0.01979427970945835,0.01985441893339157,0.8919100165367126,0.774444043636322,0.7485080361366272,119250.9765625,100630.796875,84345.3671875,80178.96875
54,6,0.024835674092173576,0.03240301460027695,0.03281819447875023,0.8921178579330444,0.7358077764511108,0.7566727995872498,209574.734375,170494.421875,127814.8125,141019.8125
55,0,0.024103088304400444,0.006771688349545002,0.009410402737557888,0.8771179914474487,0.9549615383148193,0.9417588710784912,176052.609375,130124.6328125,136024.0,139928.125
56,4,0.02641747146844864,0.011842751875519753,0.018023882061243057,0.8657740354537964,0.8621809482574463,0.7862629890441895,155207.8125,125599.0390625,116428.078125,104215.25
57,1,0.0055950963869690895,0.003183998167514801,0.00435820035636425,0.9622090458869934,0.9575599431991577,0.9374904632568359,79528.4375,66893.796875,72580.140625,68877.2890625
58,9,0.017731063067913055,0.007742814254015684,0.00959853921085596,0.9160130620002747,0.9191756844520569,0.9017146825790405,158571.015625,126735.7109375,134531.6875,132933.984375
59,5,0.0070024277083575726,0.009343845769762993,0.012019765563309193,0.9404032230377197,0.8673452138900757,0.7906774282455444,86010.34375,76293.609375,70079.640625,66967.8125
60,7,0.024568533524870872,0.014750533737242222,0.016581708565354347,0.8787056803703308,0.860883891582489,0.8522782325744629,145963.0625,100023.734375,99945.9453125,99258.3046875
61,8,0.02661432884633541,0.028470328077673912,0.025074075907468796,0.8742390871047974,0.7983294129371643,0.7775821089744568,173445.796875,139049.0,105050.734375,94898.46875
62,9,0.011941497214138508,0.011944057419896126,0.013942012563347816,0.9115122556686401,0.8737409710884094,0.850806713104248,96051.7734375,76847.28125,54625.0078125,54931.765625
63,3,0.02490079030394554,0.019392410293221474,0.02204294502735138,0.8644552230834961,0.8090869784355164,0.7539858222007751,142795.5,106166.7421875,92536.015625,98119.6484375
64,7,0.021558215841650963,0.01831723190844059,0.02103250101208687,0.9055590033531189,0.7967473268508911,0.7966919541358948,181140.625,148891.140625,128130.3046875,125692.640625
65,4,0.008708903566002846,0.01016615703701973,0.011188640259206295,0.9475904107093811,0.892275333404541,0.8677035570144653,92134.4296875,82401.328125,64899.09375,62775.734375
66,6,0.021210208535194397,0.023073015734553337,0.027312425896525383,0.8770918250083923,0.7774996161460876,0.7372308969497681,160463.484375,127073.40625,78777.1640625,95149.90625
67,4,0.012931355275213718,0.018193094059824944,0.016384389251470566,0.9292363524436951,0.7802352905273438,0.7943055629730225,134991.421875,119095.46875,117579.3671875,122955.234375
68,3,0.04022129997611046,0.016083957627415657,0.016519363969564438,0.8321112394332886,0.8610253930091858,0.8552135229110718,157729.8125,110988.3828125,117102.109375,123425.7734375
69,0,0.022702496498823166,0.010090434923768044,0.016436250880360603,0.8810197114944458,0.9169602394104004,0.8533896207809448,194223.8125,156299.53125,161787.609375,143886.765625
70,7,0.02197960577905178,0.012619310058653355,0.013868330046534538,0.8859408497810364,0.8739721775054932,0.8658908009529114,154080.5625,109949.78125,101647.9140625,100889.34375
71,0,0.040173377841711044,0.012292871251702309,0.01027392316609621,0.8249070644378662,0.9000113010406494,0.9170868396759033,203092.078125,155927.40625,179382.65625,172553.15625
72,2,0.022384565323591232,0.03463131934404373,0.03685063496232033,0.8742851614952087,0.6748508214950562,0.6454406380653381,179779.0625,135584.0625,93339.5703125,108275.078125
73,9,0.02899620682001114,0.009150443598628044,0.0069913011975586414,0.8745277523994446,0.923272967338562,0.9439136385917664,129313.546875,101896.375,98282.28125,90813.0390625
74,1,0.013644753023982048,0.003238092875108123,0.003873631590977311,0.9292282462120056,0.9651443958282471,0.9553083777427673,87682.8125,61006.85546875,71515.9765625,71214.4453125
75,7,0.0248262882232666,0.01590300351381302,0.016776636242866516,0.8656594157218933,0.8207502961158752,0.8255366086959839,144037.546875,88472.8828125,80643.7734375,86719.546875
76,3,0.018801433965563774,0.014123264700174332,0.018240122124552727,0.8757527470588684,0.8258334994316101,0.784591794013977,125835.5859375,87787.734375,77660.9140625,71278.2890625
77,2,0.014938543550670147,0.023004112765192986,0.024844719097018242,0.8962797522544861,0.734261155128479,0.7209019660949707,128854.9765625,117806.0703125,98403.203125,92055.8984375
78,9,0.02344103716313839,0.012848351150751114,0.01437061745673418,0.8578107953071594,0.8792402148246765,0.8670370578765869,115098.34375,74372.9296875,71437.1796875,69927.5390625
79,7,0.0335271917283535,0.010808750055730343,0.010601072572171688,0.8404871225357056,0.8752020597457886,0.8668738007545471,148910.9375,109799.1640625,120146.5,125672.5078125
80,7,0.020904209464788437,0.012625652365386486,0.013497717678546906,0.9015772342681885,0.8860818147659302,0.8815950751304626,136033.140625,83893.578125,71131.515625,69357.375
81,6,0.016967177391052246,0.01120462641119957,0.010605163872241974,0.9098790287971497,0.9108276963233948,0.9065335392951965,149601.484375,121659.53125,123613.1328125,117114.484375
82,2,0.027159851044416428,0.00905823428183794,0.01073462888598442,0.8727331161499023,0.8973325490951538,0.8800374269485474,169824.0,127952.3515625,127856.015625,120918.5078125
83,7,0.015354613773524761,0.008358558639883995,0.008059213869273663,0.907936692237854,0.888485312461853,0.9027518033981323,126088.8828125,92000.5625,95613.6015625,92150.9140625
84,8,0.02677943743765354,0.032282788306474686,0.03449768200516701,0.872192919254303,0.7070686221122742,0.5801161527633667,173472.609375,129701.28125,83062.25,72033.859375
85,4,0.03063352406024933,0.01091038715094328,0.014335867948830128,0.8572582006454468,0.8866069912910461,0.8506841659545898,146120.078125,131988.21875,119322.71875,122275.1875
86,7,0.020766904577612877,0.007581090088933706,0.01020878180861473,0.8913823366165161,0.9216518402099609,0.9037089347839355,119442.078125,102464.6015625,113594.1015625,114119.7421875
87,3,0.023035548627376556,0.03049302287399769,0.03619091212749481,0.8883713483810425,0.7200765609741211,0.6725252270698547,158021.828125,131104.390625,96733.3046875,98420.5859375
88,6,0.021597137674689293,0.013894081115722656,0.01354758907109499,0.8933603763580322,0.8791687488555908,0.8817235231399536,163051.609375,134340.484375,133829.890625,120704.453125
89,1,0.009456745348870754,0.005588113330304623,0.007045842241495848,0.9311303496360779,0.9516183137893677,0.9307056069374084,90168.828125,77840.734375,87748.4296875,85377.515625
90,3,0.0240834578871727,0.00819782167673111,0.012099946849048138,0.8682066202163696,0.9041286110877991,0.8634610772132874,166744.296875,118046.0,120767.34375,111134.53125
91,6,0.024662790820002556,0.011318457312881947,0.00916623417288065,0.8629028797149658,0.9078066945075989,0.9224600195884705,133802.046875,94891.765625,96333.6953125,91720.75
92,9,0.010394152253866196,0.012043709866702557,0.01205043587833643,0.9196126461029053,0.865917444229126,0.8576974272727966,90775.546875,79928.78125,80337.9765625,73954.109375
93,3,0.034627582877874374,0.004832061938941479,0.01044555939733982,0.8328055143356323,0.9572898745536804,0.8999627232551575,133499.125,102856.9140625,109238.3125,103108.578125
94,1,0.02297787554562092,0.005948226433247328,0.006245349999517202,0.9004807472229004,0.9380640983581543,0.9375315308570862,100726.1015625,83699.0234375,80872.1328125,72246.4296875
95,4,0.03967893868684769,0.02905244752764702,0.028098082169890404,0.8322730660438538,0.7541477084159851,0.7689416408538818,154432.328125,121608.53125,97322.6015625,104207.0
96,1,0.015462794341146946,0.010460969991981983,0.007715513464063406,0.8778214454650879,0.8771834969520569,0.9023478627204895,80242.3828125,47985.75390625,41348.58203125,35563.625
97,7,0.032766882330179214,0.02297099679708481,0.023895779624581337,0.8468132615089417,0.7745656967163086,0.7496943473815918,150054.828125,110626.46875,92707.875,93978.3046875
98,6,0.016661042347550392,0.01797606237232685,0.02200760878622532,0.9128578901290894,0.8375458717346191,0.7994252443313599,151091.21875,135440.953125,99532.9453125,96913.7109375
99,9,0.023822039365768433,0.0067057376727461815,0.009254236705601215,0.8914792537689209,0.9421934485435486,0.9127548933029175,163119.75,132064.359375,135094.8125,137775.421875
100,6,0.014474794268608093,0.019780531525611877,0.022289516404271126,0.8942455053329468,0.8039049506187439,0.7927521467208862,118817.5078125,99213.1796875,70966.4453125,71382.703125
101,0,0.02291889488697052,0.009139942936599255,0.012321138754487038,0.8774704933166504,0.9232074618339539,0.8878105282783508,172193.34375,129327.4140625,141373.59375,156398.234375
102,5,0.02295946702361107,0.02043953165411949,0.01998356357216835,0.8730555176734924,0.8190986514091492,0.8142787218093872,175871.59375,134651.203125,135422.609375,132627.875
103,4,0.02447240613400936,0.012832866050302982,0.012919851578772068,0.8795278072357178,0.8431835174560547,0.8363832831382751,156066.625,116265.8359375,110116.3671875,107578.953125
104,9,0.021318674087524414,0.010813871398568153,0.01635696552693844,0.8841420412063599,0.8836129307746887,0.8121150732040405,150711.109375,107360.2421875,85854.3984375,82640.59375
105,9,0.020650846883654594,0.008475256152451038,0.009870554320514202,0.8857609033584595,0.9096670746803284,0.9003174901008606,143358.0,99441.796875,102802.6171875,98599.8359375
106,2,0.026674536988139153,0.019326599314808846,0.02124621719121933,0.8557156920433044,0.814200222492218,0.8004270792007446,178332.546875,132323.609375,110108.453125,113689.375
107,1,0.012774932198226452,0.005019012838602066,0.006323706824332476,0.9273946285247803,0.9190400242805481,0.9138200283050537,85091.328125,64880.57421875,75983.4765625,79504.5390625
108,9,0.01932174526154995,0.0063354200683534145,0.00897285621613264,0.9085500240325928,0.9393166899681091,0.9187605381011963,132546.890625,110230.609375,114599.203125,99469.484375
109,4,0.022375475615262985,0.01718008518218994,0.017569731920957565,0.8889919519424438,0.7810950875282288,0.7762184739112854,145992.484375,100777.609375,91175.203125,90569.265625
110,8,0.029776742681860924,0.011524657718837261,0.010746522806584835,0.8752720952033997,0.9140727519989014,0.9185478091239929,164407.296875,117312.8984375,116294.0,126817.75
111,7,0.017727285623550415,0.004607593175023794,0.006297404412180185,0.9008342027664185,0.9439057111740112,0.9194339513778687,103591.0390625,73021.546875,85959.9765625,83103.5078125
112,3,0.017036592587828636,0.007318803109228611,0.007328215055167675,0.9145011901855469,0.9275769591331482,0.9153786301612854,118530.3046875,95993.59375,87691.6328125,88610.765625
113,9,0.015329686924815178,0.007083756849169731,0.00901829730719328,0.9212157130241394,0.9434087872505188,0.9298126697540283,143498.734375,122563.5625,126444.4453125,123752.9296875
114,7,0.013575323857367039,0.010718545876443386,0.01091429591178894,0.9182248711585999,0.8732162714004517,0.8558944463729858,109341.6328125,82414.1796875,80393.546875,77908.484375
115,4,0.013317513279616833,0.006625821348279715,0.009680602699518204,0.9287923574447632,0.9332941770553589,0.8704514503479004,117218.5078125,88661.203125,86191.109375,79076.5
116,4,0.012001301161944866,0.006570244673639536,0.006222832016646862,0.9199115633964539,0.9065367579460144,0.9092617034912109,102955.78125,82615.578125,78560.8984375,70987.3671875
117,4,0.025653274729847908,0.01801469177007675,0.019349979236721992,0.8719574213027954,0.7864111661911011,0.7504119873046875,141573.53125,100333.9375,99181.25,99654.7734375
118,9,0.013775406405329704,0.005576222203671932,0.005566535517573357,0.907443106174469,0.9379069805145264,0.9451823830604553,115360.6640625,97189.5703125,102588.75,105536.1171875
119,2,0.026261400431394577,0.018058128654956818,0.02127237245440483,0.8760228157043457,0.8257575631141663,0.7883384823799133,159671.21875,120190.6484375,124931.84375,121543.8515625
120,5,0.03206012398004532,0.01783747784793377,0.022995546460151672,0.860878050327301,0.8043962717056274,0.7677215337753296,182425.015625,144015.09375,141033.125,150936.1875
121,4,0.020074648782610893,0.009848447516560555,0.012699211947619915,0.8908310532569885,0.8746536374092102,0.8280130624771118,128552.3671875,96068.171875,90680.8125,85435.8828125
122,7,0.010445555672049522,0.008989389054477215,0.010759524069726467,0.9345574975013733,0.8575688600540161,0.842867374420166,100523.015625,79743.7421875,70682.2109375,74031.7109375
123,6,0.02274528704583645,0.01844760961830616,0.020966196432709694,0.8802921175956726,0.8551417589187622,0.8290889859199524,162354.75,135908.4375,109334.734375,103427.484375
124,7,0.020361287519335747,0.022512339055538177,0.029298439621925354,0.870095431804657,0.7899625897407532,0.7424614429473877,138674.03125,115106.796875,98396.5859375,93275.8125
125,9,0.01882847212255001,0.014677152968943119,0.014145269058644772,0.8855171799659729,0.8477023243904114,0.8396838307380676,125823.140625,98226.3046875,92901.3828125,96348.1171875
126,0,0.02111373282968998,0.018232671543955803,0.022059550508856773,0.8772973418235779,0.8124624490737915,0.7883287668228149,186244.6875,140252.734375,128906.0390625,119184.6328125
127,5,0.025727717205882072,0.011364828795194626,0.01085308101028204,0.8738829493522644,0.8589979410171509,0.8731415271759033,159210.65625,119586.796875,125095.4453125,122955.8125
128,8,0.03836457058787346,0.014140023849904537,0.013964935205876827,0.8458424806594849,0.8706685304641724,0.8566879630088806,184020.8125,140292.703125,145429.390625,147837.15625
129,5,0.023007694631814957,0.010837947949767113,0.011528576724231243,0.8547646403312683,0.8515556454658508,0.8575651049613953,149831.59375,98566.078125,109414.53125,102310.9140625
130,6,0.03386372700333595,0.012049136683344841,0.013541950844228268,0.8573241829872131,0.8894386887550354,0.8641442656517029,145540.203125,112386.671875,119391.3828125,114419.6953125
131,6,0.03132525458931923,0.008602426387369633,0.010450010187923908,0.8679456114768982,0.9241343140602112,0.9124003052711487,160637.921875,135992.6875,142296.09375,136168.65625
132,5,0.03495841473340988,0.01646122895181179,0.019775087013840675,0.8286257386207581,0.8289692997932434,0.8083950281143188,180618.328125,140871.984375,145285.71875,132059.203125
133,7,0.0312133077532053,0.02331291139125824,0.022775698453187943,0.8625596165657043,0.7272139191627502,0.7445168495178223,153679.671875,114414.4296875,107169.0,112868.078125
134,8,0.028571490198373795,0.017072955146431923,0.01519919652491808,0.8679995536804199,0.8464906215667725,0.8839730620384216,171251.34375,125013.3515625,125865.0,119352.953125
135,1,0.018025686964392662,0.0034009472001343966,0.0026014780160039663,0.8995850086212158,0.9637324810028076,0.9737187623977661,95276.8515625,62058.640625,77592.890625,79594.6015625
136,0,0.02656175196170807,0.007114783860743046,0.007031138986349106,0.8521360754966736,0.946482241153717,0.9446607232093811,173279.53125,116463.8203125,129594.25,133123.453125
137,1,0.019188856706023216,0.004294249229133129,0.004199886228889227,0.9077021479606628,0.9527202844619751,0.9538165926933289,95389.9609375,68449.9453125,82693.25,82034.4453125
138,6,0.02975633554160595,0.016260461881756783,0.01779927685856819,0.8577601909637451,0.878963828086853,0.8620430827140808,173809.546875,120780.9375,106255.0078125,105261.5
139,4,0.017627350986003876,0.009164880029857159,0.010416167788207531,0.9098356366157532,0.9078730344772339,0.8857887387275696,143203.34375,118407.484375,114399.2734375,109938.796875
140,6,0.013527303002774715,0.011318434029817581,0.012710308656096458,0.9117265343666077,0.8895395994186401,0.8849042654037476,106301.375,85993.4453125,73352.109375,71824.3828125
141,7,0.011938521638512611,0.01488412730395794,0.01724378392100334,0.9353949427604675,0.857330322265625,0.8263510465621948,130466.3359375,118847.8671875,96030.8984375,100543.1796875
142,3,0.014128190465271473,0.020376289263367653,0.02203996479511261,0.9198151230812073,0.7661805152893066,0.7559955716133118,159539.34375,139757.796875,127419.5,116240.8203125
143,1,0.008567720651626587,0.004545448813587427,0.004125314764678478,0.9497872591018677,0.9518145322799683,0.953000545501709,82778.765625,70945.6484375,84984.4609375,81195.7109375
144,7,0.022095611318945885,0.011140580289065838,0.014603067189455032,0.8930670022964478,0.8831326961517334,0.8688806891441345,145344.46875,106363.296875,111565.0859375,118077.5078125
145,1,0.00819653645157814,0.004334892146289349,0.004283111076802015,0.9500559568405151,0.9382166862487793,0.9419447779655457,85415.0703125,73222.8046875,73148.6171875,69697.96875
146,8,0.028355009853839874,0.013627227395772934,0.016382070258259773,0.8785812258720398,0.8991984128952026,0.8734551072120667,174473.890625,131590.28125,113344.2421875,115638.546875
147,2,0.03217034414410591,0.0154456477612257,0.017106544226408005,0.8407687544822693,0.8605290651321411,0.8552680611610413,190070.9375,147718.984375,138453.75,134435.21875
148,0,0.024188557639718056,0.004418947268277407,0.004671621136367321,0.8736335635185242,0.9634811878204346,0.9612662196159363,159160.640625,124596.4140625,134341.984375,136696.640625
149,2,0.009507644921541214,0.03468041121959686,0.03654768317937851,0.9349790215492249,0.6001240611076355,0.578781008720398,110681.234375,100220.609375,41237.25,38160.875
150,9,0.022810760885477066,0.006647257134318352,0.00839246902614832,0.879250168800354,0.9466280341148376,0.9271182417869568,147003.890625,110828.5390625,121689.6875,119262.9765625
151,9,0.02734966203570366,0.035844165831804276,0.0369189977645874,0.8714409470558167,0.729424774646759,0.7224082946777344,189285.65625,151245.484375,118196.484375,105681.203125
152,5,0.01736917346715927,0.018627852201461792,0.018350152298808098,0.8941084742546082,0.8118060231208801,0.8139984607696533,144202.890625,106739.3046875,96011.296875,85964.59375
153,5,0.016102081164717674,0.018860086798667908,0.02074640430510044,0.9084151983261108,0.7965653538703918,0.7614924311637878,137760.0,109964.9375,81143.390625,74557.5
154,1,0.006618677172809839,0.004711088724434376,0.0033536944538354874,0.9500550031661987,0.9358581900596619,0.9492276310920715,78343.9453125,67448.4296875,70141.7265625,64945.71875
155,5,0.029253341257572174,0.015592487528920174,0.013231607154011726,0.838702917098999,0.8476175665855408,0.8762806057929993,158779.65625,118032.7421875,137463.25,125194.0
156,6,0.021177561953663826,0.019667739048600197,0.024344801902770996,0.8841458559036255,0.8124036192893982,0.7399671077728271,143386.546875,99707.703125,72165.2109375,62826.15625
157,0,0.019447211176156998,0.010303392075002193,0.013919791206717491,0.8956612944602966,0.90072101354599,0.8629136085510254,162224.03125,124241.9296875,125701.8125,133670.125
158,3,0.021591870114207268,0.01685328222811222,0.01737738586962223,0.8920783996582031,0.8083949089050293,0.7904567718505859,146517.5625,118633.8984375,75463.515625,91106.1328125
159,4,0.009747368283569813,0.011953295208513737,0.012587163597345352,0.932806134223938,0.896479606628418,0.8684861660003662,99910.84375,91966.828125,74046.953125,69101.359375
160,4,0.023306719958782196,0.02024519070982933,0.02120056189596653,0.8947879076004028,0.7976087927818298,0.7940163016319275,140383.5,105024.1171875,92058.6484375,84570.1015625
161,6,0.019589979201555252,0.013664972968399525,0.016077034175395966,0.8937116265296936,0.8771786689758301,0.8690890073776245,160551.875,129114.8984375,128780.8828125,138353.140625
162,5,0.03121846914291382,0.011943571269512177,0.012351633049547672,0.860249400138855,0.8848562240600586,0.8738742470741272,183979.015625,139090.921875,149201.453125,145489.734375
163,4,0.02502656914293766,0.013479993678629398,0.014291112311184406,0.8954960107803345,0.8571559190750122,0.8448907136917114,154854.21875,125900.046875,115656.0625,114668.3046875
164,6,0.027334420010447502,0.02307077683508396,0.02562919445335865,0.8713573217391968,0.7831915616989136,0.7409027814865112,143902.3125,91236.609375,52592.35546875,53725.2421875
165,5,0.022684626281261444,0.012176640331745148,0.014708987437188625,0.8835206031799316,0.8989254236221313,0.8584628701210022,189119.015625,148766.03125,163289.46875,149754.296875
166,4,0.017861301079392433,0.016775822266936302,0.017554176971316338,0.8845041990280151,0.820977509021759,0.8009846806526184,145038.9375,115004.296875,97092.53125,93424.015625
167,5,0.017208989709615707,0.022616667672991753,0.02002473920583725,0.9022794365882874,0.7682411074638367,0.7726318836212158,124638.6484375,108622.8359375,80349.7265625,72240.140625
168,1,0.010923518799245358,0.0028641612734645605,0.002445278922095895,0.9343163967132568,0.971620500087738,0.9748930335044861,88159.734375,63660.08203125,77078.1015625,73941.234375
169,4,0.012761374935507774,0.008074438199400902,0.010114893317222595,0.9291135668754578,0.911719024181366,0.8824384808540344,124224.3671875,101964.9140625,102402.7421875,96778.0625
170,4,0.011493814177811146,0.008635506965219975,0.00836205668747425,0.9360176920890808,0.9003549218177795,0.8922348022460938,116567.25,100218.3515625,96472.328125,92751.609375
171,7,0.028624122962355614,0.011309895664453506,0.01417295541614294,0.8893896341323853,0.8759497404098511,0.7908589839935303,126082.1796875,102888.984375,95613.515625,88079.0703125
172,2,0.03228065371513367,0.021798444911837578,0.024279499426484108,0.823772668838501,0.7868437170982361,0.7714079022407532,202399.21875,140674.359375,128052.4296875,127252.140625
173,3,0.01868448406457901,0.025802703574299812,0.023229967802762985,0.8641864657402039,0.7195169925689697,0.7501640319824219,135155.890625,103688.0859375,78026.0078125,83025.203125
174,2,0.018612073734402657,0.02054671384394169,0.020686805248260498,0.8956159949302673,0.8003308773040771,0.7750371098518372,144710.484375,113765.4296875,89038.734375,80794.3984375
175,7,0.004758893046528101,0.007155620027333498,0.00586568983271718,0.9467019438743591,0.908187210559845,0.9179988503456116,56231.65234375,57688.765625,57656.703125,57779.2265625
176,1,0.005035053938627243,0.0030835147481411695,0.003368808887898922,0.9511673450469971,0.9487224817276001,0.941158652305603,55842.6875,49986.40625,56276.2578125,52966.0234375
177,8,0.01793135702610016,0.01183804776519537,0.014574945904314518,0.9188819527626038,0.9083079695701599,0.8841392397880554,167629.421875,133881.828125,128098.8125,128654.5
178,1,0.013528048992156982,0.0012228690320625901,0.0019170875893905759,0.9174301624298096,0.9883880615234375,0.9775459170341492,89083.140625,55199.8671875,74909.7890625,73352.203125
179,8,0.03023846633732319,0.015752024948596954,0.0164266899228096,0.8695269227027893,0.8587546944618225,0.8468450307846069,171340.453125,131471.84375,117947.6171875,117513.4453125
180,1,0.009867093525826931,0.002229835605248809,0.002545081079006195,0.9492989778518677,0.9770619869232178,0.9681775569915771,87382.9375,63570.203125,76056.4921875,76070.015625
181,8,0.02557954005897045,0.013604607433080673,0.015418792143464088,0.8794092535972595,0.8927978277206421,0.8708166480064392,169148.578125,130688.71875,129195.0546875,120313.2421875
182,5,0.015248741023242474,0.01030697114765644,0.012942795641720295,0.9142723679542542,0.8472725749015808,0.8496518731117249,118610.296875,92085.5625,88771.2109375,69261.078125
183,0,0.03807515278458595,0.011150699108839035,0.01235020998865366,0.8387051820755005,0.9167177677154541,0.9015917181968689,225654.765625,163222.21875,180050.546875,185493.46875
184,8,0.0289737731218338,0.015392529778182507,0.01447311695665121,0.8388506770133972,0.85477215051651,0.8675192594528198,144477.421875,113744.3203125,113354.5859375,105521.5703125
185,9,0.02084694616496563,0.011363150551915169,0.011622978374361992,0.8729788661003113,0.8876417279243469,0.8755879402160645,138518.453125,93676.2734375,101331.8984375,95272.0390625
186,2,0.03023529425263405,0.015648309141397476,0.01826898567378521,0.8612510561943054,0.8243719339370728,0.8164870142936707,166069.890625,134202.1875,146029.359375,131787.84375
187,5,0.02575240097939968,0.021480953320860863,0.022685719653964043,0.8680139183998108,0.8219953179359436,0.8054212927818298,184597.0625,130014.0546875,115437.4140625,116647.3828125
188,0,0.033498894423246384,0.015653446316719055,0.0187626201659441,0.8597025871276855,0.8939947485923767,0.8704478740692139,198780.015625,158486.390625,167663.34375,161429.671875
189,1,0.008254035376012325,0.0044069672003388405,0.004592466168105602,0.9309679865837097,0.9322723746299744,0.9310719966888428,71027.84375,53280.1328125,45674.296875,37460.41796875
190,1,0.019573397934436798,0.0038860305212438107,0.005647757556289434,0.910812497138977,0.9554179906845093,0.93449866771698,89329.9765625,72455.6640625,80644.5703125,79447.1484375
191,1,0.01029518898576498,0.006932870484888554,0.0066962046548724174,0.9402817487716675,0.9041364789009094,0.8943684697151184,85709.25,71546.0625,54248.6015625,48150.21484375
192,0,0.023887190967798233,0.010348249226808548,0.011686651967465878,0.8884319067001343,0.9068542718887329,0.8974708318710327,184887.421875,138506.390625,151138.375,152215.125
193,9,0.014161365106701851,0.022115321829915047,0.026659972965717316,0.9264644384384155,0.8155391812324524,0.7859246134757996,118578.671875,107139.0625,82551.484375,80667.84375
194,0,0.02476705238223076,0.013124911114573479,0.01574862375855446,0.8553587794303894,0.8968892097473145,0.8799240589141846,179619.09375,131359.625,150833.34375,155603.296875
195,3,0.009086983278393745,0.0189516544342041,0.019719325006008148,0.8933167457580566,0.679719865322113,0.6613272428512573,82456.265625,69348.1484375,40532.0,28783.15234375
196,1,0.013807694427669048,0.003257808508351445,0.004326696507632732,0.9323426485061646,0.9636656641960144,0.9567333459854126,92108.28125,73736.4765625,79283.7109375,80868.9296875
197,6,0.02487735077738762,0.008898613043129444,0.011818335391581059,0.8872769474983215,0.9253823161125183,0.9020538926124573,136099.328125,100132.5078125,104959.546875,104471.703125
198,4,0.01554339099675417,0.007200299296528101,0.007190833333879709,0.9237704873085022,0.9235883355140686,0.9204484224319458,128365.8359375,101229.5703125,97241.0,92503.1953125
199,2,0.0379801020026207,0.008707246743142605,0.011329961009323597,0.8283421993255615,0.9047783017158508,0.8858141899108887,141243.15625,119483.953125,113284.2421875,119356.96875
200,3,0.05690550059080124,0.026352830231189728,0.023299690335989,0.7657062411308289,0.7822310328483582,0.8149063587188721,175261.359375,151551.0,114628.734375,114785.671875
201,6,0.02772807516157627,0.013565214350819588,0.015251570381224155,0.8682833313941956,0.8811354041099548,0.8845598697662354,188044.859375,146347.734375,142865.71875,137754.359375
202,1,0.012966413982212543,0.0033481440041214228,0.00331910140812397,0.9225791692733765,0.9509375095367432,0.9496428370475769,83553.1171875,59551.9765625,70108.1015625,74190.6796875
203,1,0.00525240134447813,0.0039014730136841536,0.0038437331095337868,0.9623235464096069,0.9445260167121887,0.9343977570533752,68309.9296875,62122.96875,66589.0078125,61135.96875
204,1,0.006766085978597403,0.0026576409582048655,0.002122962847352028,0.946058452129364,0.967426061630249,0.9700660705566406,74284.1171875,58456.92578125,71139.7421875,69101.1328125
205,3,0.0175942275673151,0.00890436302870512,0.008926267735660076,0.8866460919380188,0.8976446390151978,0.8873919248580933,110502.28125,77207.546875,59195.80078125,59521.58203125
206,9,0.023093312978744507,0.020318014547228813,0.01878267526626587,0.9001458287239075,0.8498728275299072,0.8559942245483398,149530.265625,120009.3984375,118034.8359375,110206.171875
207,5,0.025938615202903748,0.01828758977353573,0.020922783762216568,0.87804114818573,0.8383309245109558,0.7821233868598938,166290.171875,126953.078125,102849.3828125,96931.765625
208,2,0.025646116584539413,0.013918543234467506,0.014691654592752457,0.8560742735862732,0.8108416795730591,0.8052941560745239,133489.015625,110307.78125,81490.796875,75268.921875
209,9,0.03173336759209633,0.012744057923555374,0.020502449944615364,0.8602932095527649,0.8676409721374512,0.7896670699119568,117883.6953125,97252.9140625,82640.796875,78818.3828125
210,4,0.012758362106978893,0.010426439344882965,0.012458927929401398,0.9268502593040466,0.8704119920730591,0.8430882692337036,133838.796875,110432.984375,99540.6015625,92833.671875
211,5,0.018371621146798134,0.023005520924925804,0.025460422039031982,0.864999532699585,0.76163250207901,0.7140661478042603,110308.671875,75803.25,62455.8671875,53202.484375
212,9,0.02330091968178749,0.013302141800522804,0.01833474263548851,0.8947932720184326,0.857943594455719,0.8187615275382996,152314.5,125066.5703125,117982.5703125,109829.3984375
213,3,0.012788337655365467,0.010448507964611053,0.011242362670600414,0.920014500617981,0.8701759576797485,0.8376079797744751,105982.3125,83126.3828125,69486.90625,81037.1328125
214,9,0.03454292565584183,0.007556858006864786,0.0095824608579278,0.859569787979126,0.9407202005386353,0.9263036251068115,133096.8125,106983.21875,108895.8515625,114272.71875
215,0,0.026314297690987587,0.0066155181266367435,0.007068072911351919,0.8900018334388733,0.9491755962371826,0.937393844127655,184373.5625,127293.9140625,150271.6875,149833.5
216,3,0.019205527380108833,0.014432230032980442,0.017376162111759186,0.9067996740341187,0.8417258858680725,0.8026812076568604,152075.953125,124201.46875,127026.0390625,120037.2421875
217,6,0.024729818105697632,0.008913887664675713,0.011832729913294315,0.8538724780082703,0.9085397124290466,0.8656346797943115,148889.765625,114629.1796875,108717.4453125,101422.9609375
218,5,0.016956046223640442,0.014368362724781036,0.014234121888875961,0.884964108467102,0.834748387336731,0.8260032534599304,124066.078125,86004.375,89247.546875,75676.7109375
219,5,0.01696625165641308,0.024617325514554977,0.02243020385503769,0.9011357426643372,0.7556648254394531,0.7709640264511108,158689.078125,139305.484375,104715.8828125,112201.109375
220,7,0.0229876060038805,0.012407404370605946,0.015313605777919292,0.8889220952987671,0.8480380177497864,0.8042767643928528,133042.484375,104427.1015625,107171.484375,100142.5
221,2,0.029016435146331787,0.025055380538105965,0.02370913326740265,0.856037974357605,0.7615498900413513,0.7968435287475586,178334.296875,130312.1015625,116315.1953125,118905.1953125
222,2,0.053028836846351624,0.03102101944386959,0.03721969574689865,0.806259036064148,0.7279260158538818,0.7358091473579407,186727.46875,155871.140625,99783.3046875,114327.203125
223,7,0.01367931067943573,0.006684042979031801,0.0067381346598267555,0.928139328956604,0.922906219959259,0.9260414242744446,131573.65625,117465.0625,126710.4296875,123487.375
224,1,0.005410041194409132,0.004184441640973091,0.0038162381388247013,0.9464142918586731,0.9251413941383362,0.921890914440155,49023.22265625,40517.140625,43774.58984375,43355.34765625
225,2,0.019107570871710777,0.02460576221346855,0.025933528319001198,0.8944764137268066,0.6944331526756287,0.6903906464576721,180286.40625,141064.453125,127164.8671875,138404.765625
226,8,0.02729862555861473,0.014034442603588104,0.01782342977821827,0.8773506283760071,0.8841826319694519,0.8148409724235535,134222.46875,125989.4765625,101062.40625,108881.7421875
227,4,0.007589875254780054,0.007217049598693848,0.010427871719002724,0.946838915348053,0.9026777744293213,0.8528976440429688,86640.734375,80685.0546875,67490.359375,51297.42578125
228,1,0.007788520306348801,0.0039695450104773045,0.004031054209917784,0.9485939145088196,0.948198676109314,0.9443708658218384,81614.3828125,67370.0078125,79890.9921875,78132.2265625
229,7,0.010846178978681564,0.006186972372233868,0.005640791729092598,0.9234771728515625,0.907314658164978,0.9166955351829529,88981.5703125,69235.125,78811.2890625,76634.4609375
230,3,0.015887442976236343,0.0136825917288661,0.01727379858493805,0.9142558574676514,0.8547674417495728,0.7882561683654785,128498.75,102075.9609375,83795.984375,89009.9609375
231,3,0.014327713288366795,0.008034483529627323,0.011192512698471546,0.8899959325790405,0.912574052810669,0.8681344389915466,114592.6953125,90959.46875,83646.234375,74717.3125
232,8,0.01990586519241333,0.012735887430608273,0.015111093409359455,0.9019221067428589,0.8820177912712097,0.8574488759040833,158896.234375,137348.09375,135500.890625,122274.4453125
233,8,0.03356758505105972,0.01748065836727619,0.01985100843012333,0.848656177520752,0.8691244125366211,0.8671002388000488,158490.0,130574.296875,117061.203125,116987.609375
234,7,0.012900429777801037,0.008774351328611374,0.008691782131791115,0.9098523259162903,0.8994488716125488,0.8995780944824219,106465.796875,76142.1328125,74526.5078125,77898.015625
235,9,0.019105302169919014,0.01804596371948719,0.02210499346256256,0.8839402198791504,0.839631199836731,0.7984507083892822,132758.28125,89264.015625,67145.59375,64071.1875
236,2,0.02339746430516243,0.020039545372128487,0.02363959141075611,0.8992134928703308,0.7916345000267029,0.7442516088485718,147068.671875,101539.6953125,96993.984375,90353.6953125
237,2,0.017167268320918083,0.010291502811014652,0.012464107945561409,0.9122548699378967,0.8670005798339844,0.7946977019309998,125216.46875,102095.1171875,81472.8046875,75761.5078125
238,4,0.024922451004385948,0.008954665623605251,0.011687773279845715,0.8808289766311646,0.914715051651001,0.8922308683395386,135496.390625,107809.078125,114528.0,114293.6328125
239,1,0.010083500295877457,0.002003721660003066,0.002542575355619192,0.9353557825088501,0.9764363765716553,0.9687482118606567,81150.71875,62095.96875,73373.734375,71701.8359375
240,5,0.01729818806052208,0.008960220031440258,0.008499967865645885,0.9096064567565918,0.9296886324882507,0.9338476061820984,149420.203125,117385.671875,127197.1171875,119096.5859375
241,9,0.027186475694179535,0.016588544473052025,0.017355959862470627,0.8776229619979858,0.8416778445243835,0.8417903184890747,187031.921875,153041.796875,141197.078125,133252.328125
242,8,0.04185694083571434,0.017612364143133163,0.022603733465075493,0.8307549357414246,0.8426060676574707,0.7992874979972839,157459.328125,120259.9140625,112718.046875,106149.3671875
243,7,0.01853066310286522,0.022021964192390442,0.02350437268614769,0.8884772062301636,0.7675711512565613,0.7440925240516663,145054.6875,120190.609375,67336.4296875,65367.3515625
244,2,0.011460483074188232,0.02359790727496147,0.026949167251586914,0.9360774755477905,0.7463160753250122,0.6643871068954468,106162.1640625,93794.1328125,55147.8671875,51822.65234375
245,3,0.014481899328529835,0.026165733113884926,0.02622097358107567,0.889899730682373,0.6380391716957092,0.6306545734405518,129591.140625,111551.3125,69839.046875,60720.3671875
246,0,0.024743666872382164,0.010555109940469265,0.011026228778064251,0.8798453211784363,0.9234217405319214,0.9083729982376099,208982.65625,168614.359375,177771.203125,171677.953125
247,4,0.014414708130061626,0.02172473445534706,0.02222594805061817,0.9260976314544678,0.7686687111854553,0.7446116209030151,128957.1796875,102351.3671875,68163.4296875,51385.53125
248,4,0.02983931079506874,0.009119435213506222,0.010182628408074379,0.8806793093681335,0.9085164070129395,0.8939069509506226,160072.28125,129603.8125,138163.546875,139495.421875
249,2,0.015833131968975067,0.010272610932588577,0.013782250694930553,0.895651638507843,0.8728422522544861,0.8243792653083801,115496.1640625,82313.4609375,82181.203125,77353.171875
250,4,0.03188251331448555,0.010286785662174225,0.013691405765712261,0.8650380969047546,0.9252831339836121,0.8551392555236816,136736.84375,116301.5859375,102551.828125,92059.6640625
251,1,0.005328178405761719,0.005633415654301643,0.006614596117287874,0.9562853574752808,0.9213389754295349,0.8931424617767334,63476.37109375,55444.38671875,55267.45703125,51547.12109375
252,9,0.025733284652233124,0.00598951056599617,0.007753634359687567,0.8823724389076233,0.9563152194023132,0.9506247043609619,148251.1875,106057.3125,117208.03125,115161.703125
253,5,0.014465910382568836,0.009712026454508305,0.010141107253730297,0.9014216661453247,0.8712577819824219,0.8692444562911987,128931.4453125,104240.4453125,96800.34375,93718.5625
254,7,0.017056353390216827,0.007536326069384813,0.007129571866244078,0.8965368270874023,0.9074822664260864,0.9216809868812561,123935.6875,83452.8359375,99454.0859375,100499.53125
255,7,0.021564144641160965,0.007150548975914717,0.008802457712590694,0.8800138235092163,0.9140414595603943,0.9105733633041382,110856.875,73506.4921875,82070.0,80763.7734375
256,2,0.02614353597164154,0.010630429722368717,0.011190803721547127,0.8830167651176453,0.8884509205818176,0.8825289607048035,144360.15625,102988.1796875,102652.734375,104136.046875
257,8,0.025282105430960655,0.015373341739177704,0.018895022571086884,0.8812000155448914,0.8678914308547974,0.842659592628479,126874.8984375,97913.265625,74543.328125,70021.0234375
258,2,0.030111443251371384,0.013508804142475128,0.0131602818146348,0.854379415512085,0.8455366492271423,0.8358590602874756,150679.609375,113015.140625,115849.9375,118432.4296875
259,6,0.027991652488708496,0.02017347700893879,0.01906869374215603,0.8553325533866882,0.8380581140518188,0.8499609231948853,189248.625,135588.25,127602.875,126908.0390625
260,8,0.027190323919057846,0.02812260016798973,0.02937447279691696,0.8561046719551086,0.7451911568641663,0.7129321694374084,172274.0,126163.640625,93398.5,85347.0078125
261,5,0.019321206957101822,0.013105368241667747,0.016329627484083176,0.8725156188011169,0.8373014330863953,0.7980743646621704,119838.796875,87855.75,70813.28125,71581.3984375
262,7,0.018160270527005196,0.01195578370243311,0.012271205894649029,0.9069961309432983,0.8751172423362732,0.878387451171875,136561.953125,101663.1640625,106777.203125,103681.3359375
263,7,0.01913478784263134,0.008224943652749062,0.008654184639453888,0.8949949145317078,0.9099259376525879,0.9015170931816101,125219.078125,84974.328125,105301.5859375,99009.40625
264,9,0.023372022435069084,0.014695719815790653,0.015137235634028912,0.8736300468444824,0.8426822423934937,0.8426859974861145,123270.28125,85642.8359375,65090.515625,61046.08984375
265,1,0.019681358709931374,0.003546284046024084,0.003495834767818451,0.9046727418899536,0.9615603089332581,0.9668717980384827,94314.4296875,66752.140625,83456.9140625,79115.3046875
266,8,0.029813464730978012,0.012469891458749771,0.011181259527802467,0.864840567111969,0.91164630651474,0.92364501953125,170739.109375,134581.640625,123253.40625,131895.328125
267,1,0.01671922206878662,0.0030989062506705523,0.003970041871070862,0.8977808952331543,0.964056670665741,0.9610520005226135,87836.703125,66359.78125,79497.25,78978.0
268,8,0.024600103497505188,0.03778969123959541,0.04145261272788048,0.874091625213623,0.6757625341415405,0.622219979763031,194034.765625,163499.0625,109926.515625,102256.40625
269,0,0.02305704355239868,0.01803748495876789,0.020200764760375023,0.865511953830719,0.8491193056106567,0.8020056486129761,160413.953125,123466.265625,121549.640625,108535.9296875
270,3,0.025718558579683304,0.021370425820350647,0.023030918091535568,0.842988908290863,0.794934093952179,0.7667356133460999,172652.28125,119809.703125,117835.671875,116234.875
271,0,0.03396304324269295,0.012378900311887264,0.013465574942529202,0.8486924171447754,0.9007062315940857,0.8997111320495605,173197.015625,124942.4296875,144525.484375,153967.140625
272,1,0.01185140572488308,0.0016462837811559439,0.002869343152269721,0.9202220439910889,0.9668149352073669,0.9398432970046997,83348.9140625,63913.3515625,71752.875,69386.09375
273,9,0.027900835499167442,0.007794036529958248,0.009911074303090572,0.8824657201766968,0.9348676800727844,0.9063609838485718,162861.6875,127311.71875,136789.671875,131865.953125
274,9,0.03061741217970848,0.016408948227763176,0.022398829460144043,0.8778353333473206,0.8604142665863037,0.8017494678497314,169882.265625,120873.0625,139881.09375,134881.796875
275,4,0.027567269280552864,0.0064543248154222965,0.008598952554166317,0.8652544617652893,0.9319196343421936,0.9076703190803528,147089.71875,99811.0625,115408.109375,111675.2421875
276,1,0.01588543877005577,0.0016655316576361656,0.0023937521036714315,0.9221680164337158,0.9815493822097778,0.9757717251777649,95238.9765625,70347.25,83672.4140625,79903.75
277,8,0.040736228227615356,0.02311771735548973,0.021404465660452843,0.8274997472763062,0.7887952923774719,0.794158399105072,145556.09375,125559.1796875,88399.2109375,87967.34375
278,2,0.030043017119169235,0.021651947870850563,0.02991361729800701,0.85923171043396,0.7650272250175476,0.683664083480835,183788.203125,137927.484375,115691.4140625,114550.7734375
279,1,0.011117609217762947,0.003198144258931279,0.0033215496223419905,0.9221451282501221,0.9591119289398193,0.9462210536003113,86862.015625,55355.875,58204.5,51334.921875
280,2,0.028739431872963905,0.012500726617872715,0.010323339141905308,0.8544548153877258,0.8386154770851135,0.8264327645301819,147580.921875,106052.1796875,106857.28125,110121.453125
281,9,0.020697230473160744,0.008253023028373718,0.00818747840821743,0.9044997096061707,0.9226066470146179,0.9208358526229858,154435.625,117654.5078125,128142.75,128605.3984375
282,7,0.014750887639820576,0.010958571918308735,0.010380301624536514,0.9182937741279602,0.8719577193260193,0.8673260807991028,117692.1796875,87847.9140625,83942.3828125,76825.375
283,5,0.009575887583196163,0.013728265650570393,0.012813655659556389,0.9204245209693909,0.818892776966095,0.8249492645263672,103936.765625,91739.0625,83693.046875,68736.8203125
284,9,0.017004385590553284,0.007958702743053436,0.007976514287292957,0.901848316192627,0.9414711594581604,0.9349627494812012,149647.6875,113090.703125,119305.28125,124866.84375
285,2,0.018744375556707382,0.033614419400691986,0.031968407332897186,0.8889681696891785,0.6571996808052063,0.6583139896392822,152436.484375,123044.8515625,78039.328125,70670.8125
286,6,0.017941348254680634,0.011117478832602501,0.011149824596941471,0.9086898565292358,0.8952981233596802,0.895189642906189,123587.53125,93950.1796875,98187.375,94240.75
287,4,0.02716791070997715,0.03523951396346092,0.036737266927957535,0.8766542077064514,0.6985628604888916,0.6193976998329163,155550.15625,113464.546875,79459.7265625,85849.078125
288,1,0.017030809074640274,0.0058951955288648605,0.007318803109228611,0.9082770943641663,0.9350616931915283,0.9138768911361694,96177.7109375,61799.42578125,76978.1796875,75994.5625
289,5,0.016036149114370346,0.01254558190703392,0.014969589188694954,0.8951097130775452,0.88690185546875,0.8578041195869446,131163.1875,99839.265625,97248.4296875,81826.5078125
290,8,0.019337812438607216,0.03240763396024704,0.03012477047741413,0.9147786498069763,0.7221817970275879,0.6916749477386475,166053.234375,137849.53125,85370.859375,74190.3984375
291,2,0.025457698851823807,0.03033054992556572,0.027735384181141853,0.861155092716217,0.6999129056930542,0.7047706246376038,176110.15625,143992.46875,116342.1171875,125705.0625
292,9,0.024156738072633743,0.0094989612698555,0.011080882512032986,0.8916746973991394,0.9400213956832886,0.9237167239189148,158521.78125,113710.6015625,120789.078125,124231.1015625
293,2,0.02939966693520546,0.015122680924832821,0.015657562762498856,0.8293482065200806,0.8135058879852295,0.8017392754554749,134575.328125,100915.46875,103034.1640625,85127.6484375
294,0,0.02470000833272934,0.0073195262812078,0.011593490839004517,0.8720822930335999,0.9440004825592041,0.9151871204376221,170095.484375,129153.25,145849.15625,151658.234375
295,4,0.01936720684170723,0.011088897474110126,0.011492328718304634,0.9114067554473877,0.8679550290107727,0.8634433746337891,135164.4375,112819.40625,111269.5859375,113097.4296875
296,0,0.03696436807513237,0.01421752106398344,0.01559341512620449,0.8390116691589355,0.8852608799934387,0.8768888115882874,206207.15625,159119.21875,178636.234375,181638.03125
297,0,0.02210884355008602,0.019277863204479218,0.02298017591238022,0.8761769533157349,0.8209458589553833,0.8030714392662048,192120.875,142006.625,156825.03125,147678.09375
298,2,0.027317538857460022,0.017240634188055992,0.016260376200079918,0.8715656399726868,0.8450404405593872,0.8245713710784912,189551.921875,140112.015625,122154.546875,133431.125
299,8,0.0321994312107563,0.015145929530262947,0.02030862495303154,0.8383046388626099,0.8891896605491638,0.8443706035614014,168333.296875,107853.6484375,84468.0,88877.9375
300,4,0.015131859108805656,0.01873824931681156,0.020739097148180008,0.9219880104064941,0.7985888123512268,0.7538064122200012,110013.4453125,89821.1015625,54849.703125,51244.4375
301,7,0.02979278564453125,0.01507473923265934,0.016533639281988144,0.8739742040634155,0.8332456946372986,0.8316262364387512,143011.234375,115497.9765625,115278.71875,100261.546875
302,1,0.0094879399985075,0.0027622312773019075,0.003284697188064456,0.9500056505203247,0.9679667949676514,0.9577372670173645,84355.1328125,75008.25,83007.84375,82692.109375
303,2,0.015278387814760208,0.022751402109861374,0.021138112992048264,0.8783113956451416,0.6851966977119446,0.7072533965110779,96022.7734375,75700.7109375,52323.10546875,59808.8828125
304,4,0.01865449920296669,0.011979270726442337,0.014926083385944366,0.9190909266471863,0.8601446151733398,0.8399550318717957,138095.125,112891.1171875,93143.046875,84672.3125
305,0,0.033864520490169525,0.03773306682705879,0.03671596199274063,0.8225103616714478,0.7130903005599976,0.6906394958496094,214348.828125,145812.890625,111813.34375,103608.3125
306,2,0.016238998621702194,0.013762681744992733,0.014093357138335705,0.9139875769615173,0.8142091035842896,0.8096908926963806,141926.421875,123073.8359375,106877.03125,106912.234375
307,7,0.020357400178909302,0.008017485961318016,0.007541549392044544,0.8864180445671082,0.9087871313095093,0.9185701012611389,128447.0,96710.203125,96968.2421875,93920.59375
308,4,0.025708094239234924,0.00920200813561678,0.009574748575687408,0.8801093697547913,0.8868159055709839,0.8839191198348999,137925.703125,110503.7734375,104979.765625,107510.5859375
309,3,0.01666036807000637,0.014064722694456577,0.018507232889533043,0.8791822791099548,0.8245450854301453,0.8113228678703308,131936.125,102345.7109375,77284.171875,73444.1484375
310,3,0.01623213104903698,0.009741443209350109,0.011033550836145878,0.909961462020874,0.8795342445373535,0.852699875831604,132968.296875,95986.7109375,89398.8359375,83527.515625
311,0,0.053930625319480896,0.021434202790260315,0.027354219928383827,0.7699055671691895,0.8143070340156555,0.7720833420753479,179851.15625,149687.671875,141440.125,150209.0
312,0,0.02985328994691372,0.01006416417658329,0.00991355162113905,0.8676939010620117,0.9227166175842285,0.9174659848213196,177212.203125,143504.140625,148465.0,151447.9375
313,3,0.021692942827939987,0.028887026011943817,0.023254798725247383,0.8669159412384033,0.6892967820167542,0.7161418795585632,172988.203125,141092.328125,109280.21875,97894.734375
314,1,0.01008644886314869,0.004009859636425972,0.004502994008362293,0.9434172511100769,0.9606315493583679,0.9531001448631287,96915.9453125,78949.640625,86181.1015625,86343.078125
315,9,0.030164683237671852,0.014171208254992962,0.01419851928949356,0.8763012886047363,0.8903364539146423,0.8819367289543152,163972.1875,118118.1328125,135338.265625,125815.375
316,6,0.021219121292233467,0.015311202965676785,0.016164278611540794,0.8932957649230957,0.8509941697120667,0.8407993316650391,130010.4453125,102807.03125,77800.46875,72147.796875
317,5,0.019406354054808617,0.013890842907130718,0.014909809455275536,0.9009782075881958,0.8580430150032043,0.8441128730773926,127897.8984375,111501.03125,98430.875,87456.28125
318,2,0.037469323724508286,0.02635907754302025,0.027553820982575417,0.811482846736908,0.7702600955963135,0.7664754390716553,208472.609375,145794.140625,102907.484375,112632.4765625
319,5,0.033606741577386856,0.02200694940984249,0.023353498429059982,0.8013834357261658,0.8010445237159729,0.794170081615448,207330.359375,142623.484375,130142.75,125294.1640625
320,9,0.017420290037989616,0.01383933238685131,0.01681068167090416,0.9100218415260315,0.8755567669868469,0.8448220491409302,103100.515625,74297.171875,65036.06640625,65702.140625
321,2,0.024802191182971,0.011263435706496239,0.010858174413442612,0.8611879944801331,0.8831868171691895,0.8771566152572632,128410.953125,90033.171875,73346.421875,77215.59375
322,9,0.02362179197371006,0.01377682015299797,0.01508762501180172,0.8795278072357178,0.8811509609222412,0.8699190616607666,128135.5078125,100344.140625,105708.2421875,98825.203125
323,3,0.014874978922307491,0.011220185086131096,0.010576603934168816,0.9164857268333435,0.8614335060119629,0.8710745573043823,144675.015625,123426.25,114597.8515625,98921.1796875
324,0,0.01789858750998974,0.0240813996642828,0.02532326802611351,0.8876087069511414,0.7539834380149841,0.7354410886764526,133263.21875,106379.1640625,73187.5234375,81796.328125
325,4,0.02309519425034523,0.012444804422557354,0.013390731997787952,0.8401070237159729,0.8478550910949707,0.8319337368011475,118194.5703125,65174.05859375,67434.2734375,57234.66015625
326,2,0.02428572066128254,0.022214222699403763,0.024880308657884598,0.8724759221076965,0.6947672367095947,0.6514002680778503,136642.734375,85277.5703125,57891.1484375,55719.15625
327,0,0.034654974937438965,0.00977270770817995,0.012454780749976635,0.8518600463867188,0.9342515468597412,0.9010781645774841,205410.234375,149275.390625,163089.0625,168528.609375
328,7,0.018415724858641624,0.013640123419463634,0.013212490826845169,0.9127844572067261,0.8704919219017029,0.8425577878952026,125705.7109375,104469.28125,94558.515625,91302.9140625
329,1,0.01526025589555502,0.004592372104525566,0.0045823161490261555,0.910968542098999,0.9367700219154358,0.946304440498352,87836.5703125,64920.25390625,80191.203125,79020.53125
330,1,0.006023929920047522,0.0017747111851349473,0.0018383330898359418,0.9531395435333252,0.9789878726005554,0.9777026772499084,87399.3671875,79665.0,80447.3671875,82449.109375
331,2,0.015812424942851067,0.015472453087568283,0.016740217804908752,0.9014735221862793,0.7986921668052673,0.7825747132301331,141950.71875,117271.21875,110861.140625,103093.8828125
332,1,0.012192207388579845,0.0021940344013273716,0.0024329805746674538,0.9366562366485596,0.9739031195640564,0.9729132652282715,87366.8046875,59784.42578125,74868.6640625,72471.953125
333,5,0.015840470790863037,0.01609540730714798,0.02197054959833622,0.9109294414520264,0.8020321130752563,0.7380558848381042,164872.875,134621.40625,111267.4453125,94554.1171875
334,3,0.01653592847287655,0.015301547013223171,0.017164744436740875,0.890343964099884,0.8108401894569397,0.7718616127967834,145349.21875,122359.0390625,108579.8515625,96738.8359375
335,3,0.01820414327085018,0.013091289438307285,0.012754734605550766,0.865725576877594,0.8555934429168701,0.863516628742218,132624.875,91746.1015625,88194.0,81394.8828125
336,9,0.025923598557710648,0.009194005280733109,0.009518771432340145,0.8729546666145325,0.9306977391242981,0.9262670874595642,157527.65625,115456.953125,132802.484375,134685.625
337,7,0.013127817772328854,0.014210941269993782,0.017730306833982468,0.9191131591796875,0.827925980091095,0.7997937798500061,125987.8359375,97629.6953125,98283.90625,104721.265625
338,8,0.030142132192850113,0.03182002156972885,0.04088464006781578,0.8616029024124146,0.7739306688308716,0.685637891292572,225626.703125,174471.0,133923.015625,111799.4296875
339,6,0.02343105711042881,0.021139279007911682,0.02347536012530327,0.8670184016227722,0.7818537950515747,0.7570433020591736,155212.65625,110255.3359375,101647.234375,92527.4296875
340,5,0.01811741478741169,0.009767596609890461,0.011581347323954105,0.9003924131393433,0.9077557921409607,0.8767011165618896,119442.796875,90737.078125,92817.3671875,85856.40625
341,6,0.007971481420099735,0.025037987157702446,0.026262599974870682,0.9299039840698242,0.6672177910804749,0.5886312127113342,88542.796875,76217.4453125,31443.994140625,28907.607421875
342,1,0.012101191096007824,0.002122224774211645,0.0027511371299624443,0.9186769127845764,0.9658434391021729,0.956849217414856,89608.0078125,67892.8828125,79225.7265625,77655.203125
343,3,0.027614908292889595,0.017718438059091568,0.01920776255428791,0.8624601364135742,0.8091676235198975,0.7679298520088196,185421.265625,134904.21875,125687.5703125,122961.53125
344,8,0.024622607976198196,0.019237566739320755,0.023595191538333893,0.8757950067520142,0.8152104616165161,0.7985684275627136,149938.765625,112320.28125,84254.546875,82912.4921875
345,1,0.015426907688379288,0.004948834422975779,0.005205734632909298,0.9281641840934753,0.9499103426933289,0.9588373899459839,97496.4453125,72838.28125,83528.6484375,77745.234375
346,0,0.025540098547935486,0.006414507981389761,0.007508220616728067,0.8853529691696167,0.9617986679077148,0.9536216855049133,156413.921875,122887.578125,128089.546875,124541.875
347,5,0.034198831766843796,0.019053049385547638,0.017615851014852524,0.8603500723838806,0.8564962148666382,0.8473294377326965,174914.203125,138155.40625,122727.40625,124013.5859375
348,1,0.01381605677306652,0.004028031136840582,0.004765757359564304,0.923317015171051,0.9662323594093323,0.9589840173721313,91715.765625,68989.15625,81205.578125,78230.8125
349,3,0.017153047025203705,0.015868155285716057,0.014803151600062847,0.891669750213623,0.8134981989860535,0.8315228819847107,133782.40625,100253.234375,89734.78125,94933.609375
350,1,0.013421965762972832,0.0045450711622834206,0.004437158815562725,0.9281572699546814,0.933459997177124,0.9339803457260132,87352.5703125,68705.9921875,76910.5546875,73688.6796875
351,5,0.022053426131606102,0.01483039278537035,0.01879718527197838,0.8959649205207825,0.8569201827049255,0.8102031946182251,171158.03125,139336.421875,144175.296875,132074.53125
352,5,0.030586641281843185,0.024794593453407288,0.028065625578165054,0.8604259490966797,0.7940446138381958,0.7682453989982605,216503.0625,156559.46875,149296.453125,135491.21875
353,6,0.039981089532375336,0.011151056736707687,0.012138882651925087,0.8316158056259155,0.8715521097183228,0.8572612404823303,151146.21875,126775.265625,108329.5859375,101268.40625
354,1,0.01280316710472107,0.0034497410524636507,0.0035793634597212076,0.9157963991165161,0.9532973170280457,0.9527140855789185,86170.4453125,68284.03125,72984.9140625,72829.015625
355,8,0.021652137860655785,0.021318089216947556,0.02203110232949257,0.8981006145477295,0.8232447504997253,0.8093631863594055,149910.796875,115725.9453125,101266.5859375,96737.0
356,5,0.03586551174521446,0.012398614548146725,0.013979281298816204,0.8239912390708923,0.8868452906608582,0.8870483636856079,182962.40625,131739.734375,132257.21875,131932.21875
357,1,0.006255493499338627,0.002617971273139119,0.0027661274652928114,0.9278707504272461,0.9527612328529358,0.9484109282493591,54426.609375,38585.09765625,48304.6171875,41217.26171875
358,7,0.01149936206638813,0.020268749445676804,0.024127453565597534,0.9193179607391357,0.745015025138855,0.7180178761482239,110063.75,98610.875,71871.5390625,62940.87109375
359,9,0.027302376925945282,0.017006363719701767,0.01895521767437458,0.8771634697914124,0.8605444431304932,0.8305495977401733,146099.359375,109322.0859375,119855.8984375,109543.3984375
360,4,0.02187456376850605,0.03365209326148033,0.03368918225169182,0.8881838917732239,0.7075923681259155,0.6698846220970154,154655.640625,113846.6171875,84648.6015625,93113.6953125
361,6,0.024846276268363,0.009633180685341358,0.011295802891254425,0.8793832063674927,0.9096112847328186,0.9027694463729858,152124.828125,122848.75,117372.6328125,122462.7734375
362,2,0.01728876493871212,0.025623958557844162,0.027153993025422096,0.89656662940979,0.7282308340072632,0.7098968029022217,162166.328125,129124.3984375,87020.0390625,98059.484375
363,2,0.016446592286229134,0.015026601031422615,0.020092515274882317,0.9070356488227844,0.8094396591186523,0.7565874457359314,132246.421875,95860.796875,82648.140625,84624.34375
364,5,0.02255728654563427,0.014026123099029064,0.0172747652977705,0.8780863285064697,0.8508601188659668,0.8326045274734497,178258.234375,140419.09375,137305.625,128053.3671875
365,0,0.016227470710873604,0.00527950981631875,0.006143604870885611,0.9128926396369934,0.9545032382011414,0.9438555836677551,155074.015625,133368.21875,134853.828125,135829.640625
366,6,0.016478095203638077,0.03344601020216942,0.042823903262615204,0.9244423508644104,0.6994222402572632,0.6376988291740417,151450.203125,136435.828125,101167.2734375,90173.59375
367,5,0.01913275010883808,0.024078520014882088,0.02665124647319317,0.8885539770126343,0.7693160772323608,0.74088454246521,172599.265625,133962.9375,105562.40625,100158.5390625
368,6,0.014893881045281887,0.017595505341887474,0.017100011929869652,0.9010173082351685,0.8659185171127319,0.863467276096344,131143.078125,105379.3515625,99098.28125,93013.8671875
369,3,0.01795221120119095,0.02569689229130745,0.02292456664144993,0.8733470439910889,0.7615360021591187,0.7731897830963135,135917.328125,112629.3515625,93851.4296875,82477.5859375
370,7,0.013144445605576038,0.00798990298062563,0.009030205197632313,0.9351844787597656,0.909612238407135,0.9085210561752319,140225.359375,106972.3828125,104798.90625,96155.9140625
371,2,0.0222241822630167,0.020300472155213356,0.017894472926855087,0.8964745402336121,0.7788731455802917,0.8105322122573853,156869.5,111340.2734375,107225.7109375,117337.4296875
372,0,0.014417372643947601,0.017945416271686554,0.0250365249812603,0.9100620150566101,0.8250170350074768,0.7460635304450989,166259.296875,149486.625,132444.328125,129710.8515625
373,8,0.027739381417632103,0.01780235581099987,0.0194231066852808,0.8669285774230957,0.8818240165710449,0.8676590919494629,176815.0625,142573.328125,130170.3984375,124426.5859375
374,8,0.020997188985347748,0.014522340148687363,0.014794777147471905,0.9020337462425232,0.8743894696235657,0.8765190839767456,158675.9375,130567.9765625,121667.0625,114388.078125
375,5,0.02011103183031082,0.01200639083981514,0.010475787334144115,0.8971139192581177,0.8784011602401733,0.8870981931686401,169609.765625,140648.765625,132574.625,121984.671875
376,4,0.021522613242268562,0.010068786330521107,0.011079367250204086,0.8939680457115173,0.9155350923538208,0.9010233879089355,120862.1640625,84796.515625,79291.5,70143.109375
377,1,0.011373217217624187,0.003684469498693943,0.003821393009275198,0.9319280385971069,0.9455615282058716,0.9447460174560547,82974.9375,53374.8671875,61151.47265625,60300.23828125
378,1,0.012797435745596886,0.004219269845634699,0.004420083481818438,0.9029409885406494,0.9572798609733582,0.9527142643928528,82694.4921875,51547.88671875,64635.88671875,60902.29296875
379,4,0.0148996626958251,0.010269539430737495,0.010943356901407242,0.8950689435005188,0.8894217014312744,0.882620632648468,139322.03125,119714.8125,117867.4453125,119525.953125
380,0,0.027816640213131905,0.03009437955915928,0.033283885568380356,0.8524698615074158,0.7285952568054199,0.6886153817176819,201255.0,139642.1875,105874.796875,104875.46875
381,3,0.020647170022130013,0.023230822756886482,0.020582368597388268,0.875070333480835,0.755481481552124,0.7437185049057007,117866.8359375,82333.46875,50856.265625,50771.93359375
382,3,0.028026657178997993,0.012943172827363014,0.015470406971871853,0.8830551505088806,0.8734157085418701,0.8303551077842712,167109.921875,128174.1640625,115949.3125,114331.875
383,7,0.008838885463774204,0.005740070249885321,0.007355188485234976,0.9358325600624084,0.9256678819656372,0.9110260605812073,101425.6953125,83693.4609375,81956.8125,86705.9140625
384,6,0.03140666335821152,0.014814933761954308,0.015387561172246933,0.8469074368476868,0.8713741302490234,0.8640731573104858,181450.125,128225.5078125,127730.078125,126323.0390625
385,1,0.007080998737365007,0.004226729739457369,0.0053949421271681786,0.9389133453369141,0.9382534027099609,0.9213298559188843,72535.7109375,61686.84375,69958.5078125,65736.25
386,6,0.017069634050130844,0.008848206140100956,0.009027446620166302,0.9033913612365723,0.931642472743988,0.9273794293403625,148045.9375,120227.7109375,117013.9765625,107404.5078125
387,2,0.015372985042631626,0.01862853206694126,0.022842947393655777,0.882930338382721,0.7005660533905029,0.6383159756660461,107199.21875,83941.859375,48348.5859375,43920.640625
388,1,0.008853842504322529,0.003545286599546671,0.0031699324026703835,0.9274654388427734,0.9330780506134033,0.9453248381614685,80097.53125,64536.5390625,72128.4921875,76478.5
389,9,0.023954957723617554,0.01113858725875616,0.010637501254677773,0.8951236605644226,0.9053559899330139,0.9203808903694153,125420.234375,94006.3828125,101852.75,82879.53125
390,2,0.02935129404067993,0.014860358089208603,0.018509268760681152,0.8676180839538574,0.8226619958877563,0.8093786239624023,172887.296875,151309.78125,131594.15625,131501.546875
391,8,0.02504863031208515,0.03257092460989952,0.03256750851869583,0.8820379376411438,0.7711592316627502,0.7727620005607605,182786.75,143717.5,118827.078125,114797.75
392,6,0.014567062258720398,0.006517760455608368,0.006341795437037945,0.917029619216919,0.9364332556724548,0.9426208734512329,127948.265625,105090.203125,100627.140625,94342.53125
393,1,0.008436835370957851,0.004581213928759098,0.003967330791056156,0.9374621510505676,0.9314265251159668,0.9388306736946106,87493.9375,67547.9140625,77887.265625,77448.8125
394,9,0.01713377796113491,0.012538107112050056,0.012764135375618935,0.8922356963157654,0.8683432340621948,0.8714809417724609,115755.2421875,88443.484375,77785.6015625,75952.40625
395,5,0.018859604373574257,0.0195633377879858,0.01977292075753212,0.9075709581375122,0.841087818145752,0.8213776350021362,176380.5625,140118.203125,139469.140625,132600.625
396,2,0.02328983135521412,0.01864742860198021,0.020228959619998932,0.8803656101226807,0.806098461151123,0.7940995693206787,144231.21875,112410.6328125,98497.1953125,97711.9375
397,5,0.018927235156297684,0.015803074464201927,0.01534110028296709,0.8745221495628357,0.8305830359458923,0.8328721523284912,145385.515625,114733.46875,109638.609375,102146.5078125
398,4,0.01689152978360653,0.016037344932556152,0.01628025248646736,0.90370112657547,0.8071426153182983,0.8012371063232422,130228.671875,101984.8125,94026.40625,88508.9765625
399,4,0.024795375764369965,0.01643969491124153,0.013318574987351894,0.8814069628715515,0.8060148358345032,0.8458167910575867,145661.15625,111979.8125,105539.953125,104755.21875
400,2,0.02448861673474312,0.016554255038499832,0.01643200032413006,0.8828822374343872,0.8451797962188721,0.8435013294219971,177430.484375,149040.359375,133795.984375,128626.4140625
401,8,0.016444295644760132,0.014946273528039455,0.013068271800875664,0.9082331657409668,0.8415311574935913,0.8752241730690002,136606.953125,124425.9765625,100883.8125,99317.53125
402,3,0.023985490202903748,0.030656130984425545,0.03975022956728935,0.8426185250282288,0.711348831653595,0.6578345894813538,196088.6875,164073.703125,129698.875,133850.71875
403,8,0.0149603933095932,0.022852405905723572,0.023900523781776428,0.9252570867538452,0.8186127543449402,0.8039129376411438,142973.140625,129916.6640625,103582.6015625,106424.1328125
404,2,0.02306235022842884,0.01783553883433342,0.01802968978881836,0.8761816620826721,0.8060057163238525,0.8125784397125244,151943.21875,112773.734375,95193.46875,97842.140625
405,4,0.022676317021250725,0.02097843587398529,0.024447746574878693,0.8937414288520813,0.8002711534500122,0.7709996700286865,168008.140625,143494.953125,130009.6875,111862.53125
406,5,0.028405344113707542,0.014253237284719944,0.01944642700254917,0.8833371996879578,0.8911967277526855,0.8599302172660828,192225.46875,168566.875,159611.34375,161416.953125
407,0,0.02964702621102333,0.009511679410934448,0.014485448598861694,0.8746449947357178,0.9356421232223511,0.9131131172180176,203334.484375,157509.453125,163497.546875,157801.015625
408,3,0.021042168140411377,0.0137111721560359,0.015656888484954834,0.8914792537689209,0.8763905763626099,0.8641973733901978,175247.265625,132736.59375,131624.859375,131788.75
409,1,0.01283804140985012,0.008178812451660633,0.010547259822487831,0.9300720691680908,0.89765864610672,0.8632696270942688,94281.609375,66356.25,75733.7421875,72479.34375
410,7,0.01581200771033764,0.012387455441057682,0.01412516925483942,0.9186875820159912,0.8740496039390564,0.8618550300598145,141037.1875,101881.3046875,102436.4765625,102278.265625
411,7,0.010521536692976952,0.005169326905161142,0.005342655349522829,0.9315157532691956,0.9383509755134583,0.9336456060409546,111193.1171875,85171.2109375,94306.1640625,81953.5625
412,5,0.03789487108588219,0.021343527361750603,0.021575333550572395,0.8371463418006897,0.8343726992607117,0.8294321894645691,171161.734375,138736.53125,123271.203125,122352.9140625
413,7,0.030708085745573044,0.0075919171795248985,0.008766787126660347,0.8667499423027039,0.9341078400611877,0.9215548634529114,144433.625,115626.8515625,125762.265625,116113.015625
414,9,0.015743084251880646,0.00848206877708435,0.011151651851832867,0.9113094210624695,0.9256718754768372,0.8900101184844971,129111.734375,103967.2421875,97208.5390625,94133.140625
415,7,0.014235102571547031,0.00864728819578886,0.008560971356928349,0.9199548363685608,0.9170861840248108,0.8996081352233887,122192.1640625,97432.0078125,92711.4140625,94610.484375
416,1,0.008561610244214535,0.0028210999444127083,0.002744537778198719,0.9578170776367188,0.9756091237068176,0.9758808016777039,92986.9140625,75288.078125,86193.5625,85876.515625
417,9,0.02112678997218609,0.008265183307230473,0.008048861287534237,0.898811936378479,0.9153053164482117,0.9304580688476562,123070.1484375,87980.2109375,88510.3046875,90132.2734375
418,2,0.02172032557427883,0.011903845705091953,0.010266146622598171,0.8839129209518433,0.8437777757644653,0.8709802031517029,155501.859375,120025.2734375,105725.8828125,108639.5859375
419,1,0.01045421976596117,0.0030385255813598633,0.0025645976420491934,0.9231504797935486,0.9621697068214417,0.9677847623825073,80856.1484375,59510.33203125,65055.734375,63966.7578125
420,4,0.014833550900220871,0.013775219209492207,0.015220464207231998,0.902633786201477,0.8208601474761963,0.7813543081283569,91474.8984375,82607.578125,64513.45703125,60110.90625
421,2,0.01918482407927513,0.029876774176955223,0.028076371178030968,0.8779222965240479,0.6935275793075562,0.7083732485771179,166962.34375,126349.6015625,86206.9609375,96947.265625
422,9,0.018701748922467232,0.008363276720046997,0.00923206377774477,0.9124807715415955,0.9214000701904297,0.9079991579055786,142525.265625,120648.6875,127262.21875,123106.21875
423,2,0.02542738802731037,0.013422640040516853,0.014441384933888912,0.8763412237167358,0.8303676843643188,0.796856164932251,145849.9375,110073.953125,92239.8984375,82068.9375
424,0,0.019647475332021713,0.008001506328582764,0.009718171320855618,0.8878675103187561,0.9277331233024597,0.9003545045852661,181639.953125,145573.1875,163708.265625,157258.359375
425,4,0.028065787628293037,0.03511359170079231,0.03982386738061905,0.8406159281730652,0.690811276435852,0.613286018371582,184812.859375,130050.8125,90042.9375,80026.7265625
426,9,0.01502219494432211,0.008721832185983658,0.009327925741672516,0.9265658259391785,0.9383068084716797,0.9272100925445557,121088.796875,98326.046875,97556.6328125,91145.5703125
427,1,0.009682251140475273,0.001729644020088017,0.002193114021793008,0.9328814148902893,0.9771329760551453,0.9655441045761108,76716.8828125,55773.90625,67214.59375,61238.5078125
428,4,0.013191046193242073,0.02060684747993946,0.025781042873859406,0.9242979288101196,0.772051990032196,0.7294729351997375,150800.859375,125236.40625,104336.484375,108667.25
429,8,0.019701579585671425,0.02134133316576481,0.025498555973172188,0.90325927734375,0.83176589012146,0.7851529717445374,156954.984375,132981.40625,91847.1015625,90252.6328125
430,1,0.00990544818341732,0.00238365912809968,0.003357637906447053,0.9367778301239014,0.9636845588684082,0.950955331325531,85078.515625,54294.2734375,73712.7109375,73575.7109375
431,8,0.019986411556601524,0.02618015557527542,0.026286164298653603,0.8587847352027893,0.7369110584259033,0.7407993078231812,127490.3203125,101537.609375,75366.796875,77010.6484375
432,4,0.013421821407973766,0.019738176837563515,0.01999000646173954,0.91428542137146,0.8102552890777588,0.8003678321838379,124822.015625,86287.3515625,62245.75390625,67992.390625
433,5,0.01604643650352955,0.023884212598204613,0.025107569992542267,0.9070725440979004,0.7583972215652466,0.7428808212280273,138937.0625,112294.2734375,95790.7734375,99211.4453125
434,9,0.017923565581440926,0.007820049300789833,0.008422404527664185,0.9000386595726013,0.9430138468742371,0.9252105951309204,123299.3671875,93536.984375,92925.9765625,88540.1171875
435,8,0.02068481035530567,0.014081813395023346,0.018322637304663658,0.8989621996879578,0.8820616602897644,0.839882493019104,129675.6328125,111776.7734375,80063.5703125,88823.28125
436,8,0.016344133764505386,0.01994987390935421,0.02041463367640972,0.9140399098396301,0.8557380437850952,0.8514226675033569,144236.484375,120662.9375,108192.8671875,98239.203125
437,3,0.04166611656546593,0.020514672622084618,0.022904032841324806,0.8122585415840149,0.8335226774215698,0.7978541851043701,189175.421875,168779.609375,149370.5,157794.875
438,7,0.021868310868740082,0.009964615106582642,0.01081245020031929,0.8613858819007874,0.8941321969032288,0.8907961845397949,124289.484375,81521.1171875,91660.7734375,87644.4765625
439,6,0.014138489961624146,0.010139310732483864,0.010284836404025555,0.9281542301177979,0.9071165323257446,0.9041130542755127,131853.265625,113649.2734375,103776.6484375,93834.671875
440,0,0.047492824494838715,0.009519333019852638,0.015018606558442116,0.8114949464797974,0.9228340983390808,0.8781876564025879,190253.875,153361.765625,156920.53125,155033.828125
441,0,0.032703083008527756,0.010488555766642094,0.008086860179901123,0.8301265239715576,0.9120339751243591,0.9336340427398682,162359.359375,107521.46875,114700.7109375,116741.8515625
442,3,0.025333087891340256,0.012653294950723648,0.011749700643122196,0.8801236748695374,0.8940091729164124,0.9027236700057983,159366.265625,115643.8203125,115649.203125,118276.5703125
443,0,0.012675861828029156,0.010947523638606071,0.013287597335875034,0.9072011709213257,0.8784850835800171,0.8595751523971558,99881.3046875,86269.3046875,67723.3828125,62479.94921875
444,2,0.022876841947436333,0.012053740210831165,0.011101639829576015,0.8788954615592957,0.8746740221977234,0.8807826042175293,168322.28125,126131.7421875,117881.4453125,119996.7734375
445,6,0.018587719649076462,0.021958453580737114,0.024131983518600464,0.8839261531829834,0.7572639584541321,0.7608428597450256,140372.34375,124713.84375,98420.6796875,107516.5
446,6,0.025169726461172104,0.010527622886002064,0.012702347710728645,0.8885617852210999,0.9244281649589539,0.8950092196464539,183315.5,145048.671875,151850.09375,142460.65625
447,4,0.031883735209703445,0.01731552556157112,0.016786575317382812,0.8626394271850586,0.817469596862793,0.8102926015853882,121681.171875,103650.109375,85425.578125,86733.2734375
448,9,0.0223908219486475,0.007931293919682503,0.009298071265220642,0.9065096378326416,0.9325701594352722,0.9296260476112366,149055.28125,129664.8515625,127394.546875,114328.46875
449,3,0.028482874855399132,0.035943612456321716,0.03242836520075798,0.8718255162239075,0.671600341796875,0.676540732383728,203626.21875,168214.34375,152625.484375,150170.734375
450,3,0.031023558229207993,0.014025677926838398,0.014032920822501183,0.8577404022216797,0.8748465180397034,0.851589560508728,136050.125,116708.3203125,107730.9375,109004.3046875
451,3,0.03369762748479843,0.013450270518660545,0.02008228190243244,0.8685043454170227,0.8769938945770264,0.8412367701530457,178889.59375,143298.953125,133008.234375,131848.59375
452,2,0.01803327351808548,0.016819417476654053,0.018167464062571526,0.9007878303527832,0.7845386266708374,0.7664356231689453,138666.296875,113974.7109375,95927.8125,86363.640625
453,3,0.02559017762541771,0.020983433350920677,0.02915913611650467,0.8594385385513306,0.7818238735198975,0.7267217636108398,181980.8125,130734.75,104339.21875,109295.34375
454,9,0.02049991488456726,0.00945592112839222,0.009554275311529636,0.8998391628265381,0.9180133938789368,0.9237671494483948,153647.296875,118914.203125,129764.5546875,117874.671875
455,1,0.015445022843778133,0.0037647399585694075,0.004102583043277264,0.9232041835784912,0.9544650912284851,0.944992184638977,88825.1015625,69477.265625,85257.484375,83221.578125
456,2,0.014121836051344872,0.01324568223208189,0.01445911917835474,0.9005396962165833,0.8162907958030701,0.8229475617408752,111084.53125,82646.546875,67893.4296875,72012.484375
457,6,0.019513443112373352,0.008108269423246384,0.010003606788814068,0.9045482277870178,0.9140405058860779,0.8945192694664001,145246.46875,107648.0390625,122595.546875,108680.953125
458,8,0.0174312312155962,0.018589941784739494,0.020037930458784103,0.9183788299560547,0.8421415090560913,0.8164405822753906,163884.578125,136053.890625,111940.7734375,111568.875
459,0,0.027053222060203552,0.02369026280939579,0.024758148938417435,0.8553683757781982,0.8112125396728516,0.7982248663902283,201262.8125,142967.890625,130126.8515625,128534.9375
460,5,0.02188456989824772,0.01578528992831707,0.014546189457178116,0.8830718994140625,0.8264658451080322,0.8488445281982422,115435.015625,81698.546875,74409.6796875,64057.08984375
461,6,0.0343722328543663,0.027319684624671936,0.0304669551551342,0.8662175536155701,0.7716981172561646,0.7616069316864014,185310.0625,133006.421875,103745.328125,113357.796875
462,6,0.037216801196336746,0.021133851259946823,0.02517208456993103,0.8583728671073914,0.8571513891220093,0.8076070547103882,177778.859375,143601.84375,138613.6875,133994.203125
463,6,0.027230996638536453,0.008758336305618286,0.008066689595580101,0.8855354189872742,0.9205619692802429,0.9060592651367188,166021.5,137657.0,135916.53125,133254.734375
464,3,0.024461766704916954,0.022084258496761322,0.020742956548929214,0.8595696091651917,0.768134593963623,0.7917166352272034,156214.59375,129860.8984375,105512.203125,103837.984375
465,8,0.034672029316425323,0.022374454885721207,0.027055535465478897,0.8589625358581543,0.8385848999023438,0.8173728585243225,196279.03125,142630.796875,124117.78125,120552.046875
466,8,0.019624851644039154,0.020052429288625717,0.02285955846309662,0.9140447974205017,0.8129470944404602,0.7902244329452515,163170.625,133449.15625,115275.171875,108961.7734375
467,2,0.02203318476676941,0.01401098258793354,0.012632056139409542,0.8893399834632874,0.8059431910514832,0.8420438766479492,155339.359375,134512.75,111509.7734375,111267.484375
468,7,0.02782485820353031,0.02099226601421833,0.026019386947155,0.8875985741615295,0.7864416837692261,0.7133673429489136,161978.453125,136096.328125,99114.9296875,97337.46875
469,5,0.03615545481443405,0.01965569704771042,0.01899786666035652,0.849020779132843,0.7836235761642456,0.8007128238677979,165001.453125,124015.8046875,115513.140625,106783.53125
470,8,0.01833023875951767,0.013398982584476471,0.012929213233292103,0.9012177586555481,0.8970704674720764,0.8962802290916443,160934.46875,135775.625,113122.34375,110868.5703125
471,9,0.014108547009527683,0.009717551060020924,0.00989126693457365,0.901480495929718,0.9005404114723206,0.8976659178733826,96395.6484375,75241.515625,75054.1640625,71066.9765625
472,6,0.018051963299512863,0.014723356813192368,0.01621105708181858,0.8977341651916504,0.8602583408355713,0.84242844581604,151516.1875,116665.765625,107487.1171875,111447.1953125
473,1,0.006737945601344109,0.003530353307723999,0.003854468697682023,0.9409312009811401,0.9454406499862671,0.94652259349823,64949.859375,42615.19921875,46022.56640625,40083.07421875
474,8,0.03593672066926956,0.015774216502904892,0.01884501799941063,0.8579766154289246,0.867621898651123,0.841261088848114,176162.453125,142826.40625,131955.25,118755.28125
475,4,0.04029354453086853,0.022678930312395096,0.027000781148672104,0.8327448964118958,0.8166952133178711,0.7556595802307129,156817.40625,135620.859375,101635.734375,110399.8671875
476,1,0.011155189946293831,0.002626220230013132,0.0028427327051758766,0.9427158236503601,0.9599940776824951,0.9567805528640747,88601.4140625,68339.7734375,78382.765625,77685.0703125
477,2,0.022947967052459717,0.029364725574851036,0.028713790699839592,0.8817540407180786,0.705220639705658,0.7261263728141785,164244.1875,125447.8046875,96670.796875,90946.7109375
478,5,0.017778022214770317,0.020354103296995163,0.018242843449115753,0.9009453654289246,0.7510460019111633,0.7683306336402893,131057.953125,105978.1953125,83807.3125,83603.5390625
479,9,0.023898810148239136,0.01834355853497982,0.019863780587911606,0.8537883162498474,0.8553544282913208,0.8404048681259155,157946.046875,114934.515625,96446.4375,97728.015625
480,1,0.006081914063543081,0.005672459490597248,0.00680956058204174,0.9463707804679871,0.9075857400894165,0.894827127456665,76609.7109375,69387.0078125,73885.8671875,74795.8359375
481,9,0.024447046220302582,0.009173516184091568,0.006832548882812262,0.8859657645225525,0.923139214515686,0.9467015266418457,137402.421875,93253.0,107561.1015625,101652.96875
482,7,0.020616859197616577,0.014890090562403202,0.020200839266180992,0.8833471536636353,0.8602147102355957,0.7957137823104858,140848.71875,98708.1953125,82617.6171875,79024.546875
483,5,0.012725360691547394,0.020639095455408096,0.021387221291661263,0.9084363579750061,0.7357431650161743,0.7144892811775208,93603.2421875,71322.265625,39450.81640625,35682.50390625
484,4,0.017212366685271263,0.012472170405089855,0.012330903671681881,0.8839610815048218,0.8467651605606079,0.8423947691917419,128098.7109375,97211.53125,85559.53125,73198.296875
485,0,0.02170700952410698,0.00702239153906703,0.007870031520724297,0.8771031498908997,0.940528392791748,0.9352557063102722,163581.546875,132661.953125,125443.4453125,123871.28125
486,8,0.021898755803704262,0.02873980440199375,0.03262786939740181,0.8633885383605957,0.7302780151367188,0.6873922944068909,173190.203125,121644.46875,99759.6171875,99174.734375
487,9,0.023373492062091827,0.010220400989055634,0.011317671276628971,0.8990570306777954,0.9303646087646484,0.885712742805481,139058.96875,100047.2421875,91865.8125,94014.4453125
488,9,0.015897611156105995,0.016154563054442406,0.016124414280056953,0.9144198298454285,0.8743206262588501,0.8675946593284607,120661.203125,97652.9765625,88847.8828125,82462.4921875
489,1,0.008306305855512619,0.0024357878137379885,0.003076656023040414,0.9499722719192505,0.9638179540634155,0.9532057046890259,76080.1484375,64320.18359375,71693.1796875,69452.9453125
490,0,0.022145450115203857,0.012367820367217064,0.017180373892188072,0.8704901337623596,0.8636019229888916,0.821539580821991,145395.484375,100514.671875,99710.015625,89003.4375
491,5,0.017165174707770348,0.009870481677353382,0.010943444445729256,0.8984499573707581,0.8931814432144165,0.8812553286552429,145945.34375,108248.8671875,121984.8984375,121362.6484375
492,2,0.02914983592927456,0.033018335700035095,0.03197850286960602,0.8724068999290466,0.7477765083312988,0.7445493340492249,183531.296875,129706.796875,110178.875,105884.6796875
493,3,0.02493007853627205,0.022879933938384056,0.021183865144848824,0.8903697729110718,0.787537693977356,0.7944926023483276,217160.328125,184476.1875,182817.671875,168678.125
494,7,0.024787873029708862,0.009203609079122543,0.00877963937819004,0.8757093548774719,0.9030075073242188,0.8972654938697815,139274.265625,87812.1171875,115243.9140625,117714.96875
495,8,0.03290722146630287,0.020008182153105736,0.0209482554346323,0.8635271787643433,0.8477193117141724,0.8393231630325317,164207.46875,140881.359375,108721.40625,111088.8046875
496,9,0.01596922054886818,0.008132402785122395,0.008383732289075851,0.9145727157592773,0.9214245080947876,0.9207711815834045,130832.015625,102460.8515625,109965.7734375,115555.953125
497,4,0.01469566859304905,0.011063775047659874,0.012824823148548603,0.9224966168403625,0.8858948945999146,0.8767570853233337,116266.9765625,97841.5625,81145.828125,72067.4140625
498,0,0.014981946907937527,0.008633112534880638,0.011727098375558853,0.9232659935951233,0.9286221861839294,0.9073123931884766,160500.234375,126685.171875,127978.375,123131.3046875
499,6,0.01157414447516203,0.008857029490172863,0.009731399826705456,0.9156453609466553,0.9019203186035156,0.8857144713401794,84205.8046875,73950.84375,67191.8984375,52669.44921875
500,3,0.029502615332603455,0.0174251701682806,0.01770327426493168,0.8570292592048645,0.8417834043502808,0.8344404101371765,169340.921875,124008.3046875,131370.484375,133241.15625
501,9,0.029872911050915718,0.012171784415841103,0.014811656437814236,0.8728330731391907,0.9002627730369568,0.8770608305931091,186664.265625,139533.390625,148583.15625,143570.65625
502,5,0.02496582642197609,0.018515601754188538,0.01709137111902237,0.8717540502548218,0.8190699815750122,0.8218932747840881,133596.1875,93964.1640625,73169.546875,75095.5
503,2,0.032444898039102554,0.02045007050037384,0.019459780305624008,0.8683347105979919,0.8016061186790466,0.796999990940094,201319.65625,174098.359375,151359.96875,149031.734375
504,1,0.010482867248356342,0.0031599311623722315,0.004300498403608799,0.9246374368667603,0.9574552178382874,0.9409498572349548,69776.8046875,49732.3203125,52357.68359375,45824.94921875
505,3,0.02828996069729328,0.011642885394394398,0.01196234580129385,0.8556880950927734,0.8472926020622253,0.8639611601829529,153835.859375,116174.4296875,122602.9765625,115897.9140625
506,1,0.007926182821393013,0.0039013242349028587,0.004495132714509964,0.9537565112113953,0.9456369876861572,0.9397697448730469,77860.6640625,68631.765625,67065.234375,71462.0546875
507,3,0.022437524050474167,0.012948228977620602,0.014381003566086292,0.9008288979530334,0.8872535824775696,0.8788595199584961,135023.484375,104917.1171875,98370.0,86157.75
508,6,0.016381319612264633,0.010685059241950512,0.013410326093435287,0.9242404103279114,0.8703005909919739,0.8422083854675293,152440.34375,126245.8984375,109465.765625,101416.7109375
509,5,0.018878493458032608,0.014159442856907845,0.013826223090291023,0.8732776641845703,0.848037838935852,0.8284507393836975,155205.09375,122836.234375,98923.140625,98867.34375
510,7,0.01556464284658432,0.015243868343532085,0.017321752384305,0.9093821048736572,0.847683310508728,0.8314473628997803,149650.1875,112682.40625,119279.3984375,121832.8828125
511,4,0.013297833502292633,0.011227758601307869,0.008282291702926159,0.9097878336906433,0.8328984379768372,0.8640559315681458,98317.203125,78024.7578125,63774.3046875,60931.6015625
512,2,0.016426989808678627,0.014864128082990646,0.015002705156803131,0.8978304266929626,0.7981917262077332,0.8002403974533081,137717.640625,107747.546875,98248.5859375,95704.8515625
513,2,0.030675936490297318,0.015434199944138527,0.022280322387814522,0.8541389107704163,0.8705694675445557,0.7724217772483826,162672.546875,134859.09375,109179.28125,105080.3671875
514,6,0.033111732453107834,0.0280934888869524,0.036245573312044144,0.8655127286911011,0.7467510104179382,0.66242915391922,208033.421875,153203.5625,119396.7109375,103089.109375
515,3,0.01064870972186327,0.00839944090694189,0.009719833731651306,0.9249008297920227,0.8834646940231323,0.8655927777290344,103245.3984375,87306.8359375,78140.484375,80964.2265625
516,2,0.020005352795124054,0.03578340634703636,0.03944507986307144,0.8861269354820251,0.6346359252929688,0.6177648901939392,167496.53125,136885.15625,82552.1953125,77469.859375
517,6,0.026949847117066383,0.015441173687577248,0.016867242753505707,0.8675499558448792,0.8510315418243408,0.8252055644989014,145634.0625,117652.7734375,87190.0,81054.9140625
518,5,0.023354658856987953,0.023132100701332092,0.02508077770471573,0.8528562188148499,0.7815691232681274,0.7244812846183777,161401.03125,110370.2421875,87957.671875,89148.1640625
519,4,0.016756733879446983,0.007524789310991764,0.008525878190994263,0.9076902270317078,0.9071049690246582,0.8949810266494751,118067.21875,90464.015625,92930.5,82821.6875
520,8,0.012109974399209023,0.010285526514053345,0.0088270865380764,0.9326836466789246,0.8831790089607239,0.9038586616516113,114762.7109375,103944.546875,82248.2265625,74995.5703125
521,9,0.012889890931546688,0.009056191891431808,0.009492795914411545,0.9378992915153503,0.9106466770172119,0.9030416011810303,106622.203125,88561.3125,85916.8125,77871.3046875
522,7,0.023777198046445847,0.016468578949570656,0.01661521941423416,0.8559302091598511,0.8213382959365845,0.8081398010253906,156613.0625,109047.1171875,101107.765625,106276.234375
523,1,0.009013588540256023,0.011415024287998676,0.014004766941070557,0.9346277713775635,0.848846435546875,0.7722395062446594,93595.3984375,75488.734375,70730.0859375,70509.0390625
524,3,0.018276793882250786,0.024661224335432053,0.027355190366506577,0.8801227807998657,0.719635546207428,0.704590916633606,165285.765625,122455.953125,74942.78125,74237.328125
525,0,0.02352289669215679,0.007085914257913828,0.00907299667596817,0.8781582117080688,0.9356362819671631,0.9068311452865601,186438.765625,149431.546875,154634.96875,159843.84375
526,3,0.03294706344604492,0.01482402440160513,0.014990616589784622,0.8297398686408997,0.8511895537376404,0.8571065664291382,159617.265625,119411.484375,122731.4140625,119520.6953125
527,8,0.04013141244649887,0.034561194479465485,0.032346684485673904,0.8213672041893005,0.7258778810501099,0.7194584012031555,231233.171875,170056.125,144483.171875,146677.21875
528,3,0.022782709449529648,0.0232564527541399,0.028504252433776855,0.8653460741043091,0.7330216765403748,0.6922861337661743,154617.03125,107335.2421875,66170.546875,54337.23828125
529,1,0.0096892723813653,0.00178920931648463,0.0021308227442204952,0.9516283869743347,0.981768012046814,0.9747864603996277,92596.078125,76493.8359375,85773.1640625,85588.6328125
530,9,0.0211753249168396,0.012442678213119507,0.012972184456884861,0.8848450183868408,0.8768624663352966,0.8717965483665466,125779.0625,91888.546875,91862.140625,90147.1171875
531,3,0.016346214339137077,0.012043819762766361,0.019369609653949738,0.9037789702415466,0.8665931820869446,0.7917883396148682,123254.234375,96165.0625,75717.6484375,60993.140625
532,4,0.01921894960105419,0.009301749989390373,0.015876201912760735,0.903445839881897,0.9107499122619629,0.8511688709259033,137360.625,99964.296875,105052.734375,98668.71875
533,4,0.03009393997490406,0.015229558572173119,0.015034874901175499,0.8276016712188721,0.8330371379852295,0.8266218900680542,155748.390625,103739.75,106125.71875,104684.2421875
534,6,0.02416687086224556,0.009378707036376,0.00827761460095644,0.885016918182373,0.9066098928451538,0.9176196455955505,142878.953125,118379.25,123803.453125,113167.6484375
535,4,0.02496366575360298,0.02770322561264038,0.024622749537229538,0.8362798094749451,0.730184018611908,0.7480332255363464,165692.671875,121453.53125,106187.84375,100642.265625
536,2,0.016933726146817207,0.01934560388326645,0.02150212973356247,0.9018744230270386,0.7555704712867737,0.7327977418899536,130994.6171875,102916.5703125,72011.0078125,70646.5625
537,1,0.013211415149271488,0.0016243974678218365,0.0023153694346547127,0.9101849794387817,0.9833572506904602,0.9709353446960449,84728.3671875,58488.515625,75634.203125,74639.53125
538,8,0.012047684751451015,0.017238078638911247,0.017485294491052628,0.9099507331848145,0.8174420595169067,0.8006210327148438,105774.78125,91777.21875,69767.015625,62455.75390625
539,2,0.03958791121840477,0.019706876948475838,0.015471360646188259,0.8280826210975647,0.831392228603363,0.8631994128227234,161337.328125,136273.5,122733.6875,129183.265625
540,5,0.027037452906370163,0.02050117217004299,0.023419400677084923,0.8655223250389099,0.7985268235206604,0.772401750087738,183730.078125,136587.09375,125179.7734375,122541.0390625
541,4,0.02330044098198414,0.008236818015575409,0.009192273020744324,0.880952000617981,0.9132994413375854,0.8696869611740112,147491.5,104646.234375,125533.484375,123966.8046875
542,8,0.014479173347353935,0.018374796956777573,0.019988849759101868,0.8751695156097412,0.7519594430923462,0.7217095494270325,83961.96875,75431.5390625,40369.171875,38365.265625
543,8,0.01403780560940504,0.04115251451730728,0.048587553203105927,0.9268500208854675,0.6777082085609436,0.6123970746994019,142569.625,123182.515625,61352.44921875,55338.703125
544,4,0.022907990962266922,0.024391772225499153,0.026796825230121613,0.8729114532470703,0.7829801440238953,0.7522571086883545,143250.03125,115033.171875,103386.8359375,100065.515625
545,0,0.021865926682949066,0.01017235592007637,0.012228009290993214,0.8563700914382935,0.9114497303962708,0.8766641020774841,152530.03125,121372.0390625,121983.3828125,116917.75
546,0,0.02276907116174698,0.012899553403258324,0.014290113933384418,0.8931704163551331,0.8798457980155945,0.8605311512947083,186313.875,148321.921875,154016.875,150679.0625
547,2,0.026326442137360573,0.022929230704903603,0.02397295832633972,0.875972330570221,0.7718179225921631,0.7429351806640625,175635.09375,131253.4375,116269.2421875,111557.3046875
548,3,0.016350125893950462,0.014870194718241692,0.014029480516910553,0.8952209949493408,0.8441373705863953,0.8536479473114014,135265.03125,109795.5859375,101042.0,92076.4453125
549,2,0.033426880836486816,0.029605526477098465,0.032951511442661285,0.8464391231536865,0.7530409693717957,0.7068225145339966,200977.0625,163669.5625,121070.7109375,116343.8203125
550,7,0.013515925034880638,0.012754460796713829,0.012252661399543285,0.9119260907173157,0.8497600555419922,0.8491923809051514,104558.9140625,87066.0625,75836.421875,84894.8828125
551,7,0.014854471199214458,0.017038967460393906,0.017678137868642807,0.9095945954322815,0.7895777225494385,0.794026255607605,113198.8984375,79892.9453125,61411.50390625,57544.51953125
552,0,0.03574232757091522,0.016589244827628136,0.018368447199463844,0.8604668378829956,0.8902255892753601,0.8809060454368591,154853.6875,133652.6875,118605.0,117066.7421875
553,8,0.030363377183675766,0.021968865767121315,0.02817823365330696,0.8454951047897339,0.8050661683082581,0.7550660371780396,175700.203125,125139.203125,90547.03125,81562.9140625
554,7,0.021471872925758362,0.023119961842894554,0.022452665492892265,0.8886701464653015,0.738979160785675,0.7304614186286926,142446.28125,109109.4296875,99576.015625,99733.96875
555,4,0.01640363782644272,0.011473056860268116,0.011263742111623287,0.8800731897354126,0.8559775948524475,0.8536278605461121,115058.5703125,84487.96875,74753.578125,67481.359375
556,4,0.03758943825960159,0.01656445488333702,0.01518827024847269,0.8408491015434265,0.8245039582252502,0.8189809322357178,159372.859375,128513.8984375,129035.1640625,124938.21875
557,7,0.02493749000132084,0.008127672597765923,0.009690736420452595,0.8831642270088196,0.9237985014915466,0.901782751083374,125461.640625,97110.75,106117.671875,96594.3984375
558,9,0.0215078666806221,0.008896620944142342,0.010604890063405037,0.8796018958091736,0.930307149887085,0.915082573890686,137718.5625,97185.21875,103972.6484375,100782.515625
559,6,0.03277820721268654,0.020386923104524612,0.02153424359858036,0.8654836416244507,0.8006098866462708,0.7890427708625793,151015.203125,126640.875,124158.8125,111737.34375
560,9,0.015297670848667622,0.008683549240231514,0.009287310764193535,0.8984610438346863,0.9235338568687439,0.9193283319473267,110126.78125,77779.828125,87700.3515625,81433.0546875
561,0,0.017727699130773544,0.023454699665308,0.03009255789220333,0.9013887047767639,0.7874364256858826,0.7330734729766846,174651.0,141522.75,127983.1484375,113043.7734375
562,9,0.014042776077985764,0.01262962818145752,0.013181532733142376,0.8948251008987427,0.8796885013580322,0.871455729007721,113165.8359375,79794.8828125,73862.28125,85021.0078125
563,8,0.01950937882065773,0.011859829537570477,0.01182243786752224,0.8874889016151428,0.9095480442047119,0.9119255542755127,148010.09375,107087.0,104691.5625,104970.703125
564,0,0.020858554169535637,0.009644389152526855,0.010752762667834759,0.875128448009491,0.9115931987762451,0.8940417766571045,156953.46875,108728.5703125,108214.375,122022.9296875
565,4,0.016293596476316452,0.01756720058619976,0.021013351157307625,0.9290604591369629,0.8342406153678894,0.795589804649353,140371.0625,108100.5703125,93932.6484375,75253.2265625
566,6,0.01370704360306263,0.012715409509837627,0.014666379429399967,0.9148615598678589,0.8368774652481079,0.8111986517906189,85273.9453125,71121.7109375,55065.40625,53839.21484375
567,0,0.015049060806632042,0.010514958761632442,0.01332476083189249,0.8906095027923584,0.8830581903457642,0.8460861444473267,118714.7109375,98719.9765625,96015.8515625,110968.609375
568,6,0.024940069764852524,0.00954186636954546,0.009233112446963787,0.8788800239562988,0.9165520668029785,0.9115647077560425,153038.046875,114269.4296875,106801.1484375,104054.4609375
569,3,0.02050388976931572,0.014230061322450638,0.013395540416240692,0.8937698602676392,0.842445969581604,0.8487247228622437,139059.59375,113823.453125,103670.6328125,91992.1171875
570,5,0.02132156305015087,0.02392406389117241,0.026783239096403122,0.9006760716438293,0.7957374453544617,0.7587792277336121,162352.296875,139247.953125,117562.0390625,101744.75
571,4,0.016474192962050438,0.009320010431110859,0.008882759138941765,0.9214027523994446,0.9159895777702332,0.918340265750885,135096.375,110628.234375,107125.34375,107355.1640625
572,8,0.019645625725388527,0.013853554613888264,0.014777308329939842,0.9128530621528625,0.9075111150741577,0.9073028564453125,156377.359375,119117.84375,112780.8984375,115259.3984375
573,3,0.022620903328061104,0.009988495148718357,0.009507330134510994,0.8823891878128052,0.9071095585823059,0.912031352519989,163869.875,122209.4296875,126194.40625,125721.3828125
574,3,0.016068795695900917,0.010664708912372589,0.013650355860590935,0.9016525745391846,0.8790609836578369,0.8264771699905396,156491.21875,121168.6328125,115646.140625,110410.75
575,9,0.029653726145625114,0.009365043602883816,0.011890328489243984,0.8809652924537659,0.9280966520309448,0.9201607704162598,129091.6875,106501.46875,105900.78125,100334.03125
576,3,0.023789940401911736,0.014507496729493141,0.014053276740014553,0.8931917548179626,0.8284991383552551,0.8507464528083801,156610.734375,132430.15625,120745.953125,128112.5859375
577,3,0.022047147154808044,0.016388241201639175,0.018378980457782745,0.8888911604881287,0.8104444742202759,0.7928633093833923,127297.3828125,105368.6328125,97766.1015625,99105.140625
578,3,0.01334482990205288,0.02263634093105793,0.025342727079987526,0.9326733946800232,0.7824781537055969,0.7624420523643494,153311.265625,145219.34375,126830.3359375,127654.8359375
579,7,0.01844758912920952,0.009910056367516518,0.008580348454415798,0.8998759984970093,0.8877213001251221,0.8926204442977905,125703.515625,86123.640625,89029.59375,100751.53125
580,8,0.037536200135946274,0.012193625792860985,0.011758841574192047,0.8508458137512207,0.8839046359062195,0.8663415312767029,131939.15625,115598.1171875,105739.609375,96491.9609375
581,0,0.028029771521687508,0.013703959062695503,0.016782401129603386,0.860941469669342,0.8790311217308044,0.8372370004653931,198949.953125,146078.0625,136562.484375,140220.140625
582,8,0.012907179072499275,0.01216355711221695,0.015856662765145302,0.913199245929718,0.852383017539978,0.8085985779762268,110812.8515625,95359.8125,70172.7265625,66325.0625
583,2,0.020328406244516373,0.027018185704946518,0.02475811168551445,0.8757800459861755,0.7204560041427612,0.7288503646850586,165719.28125,127052.3984375,98598.8125,94930.015625
584,1,0.015520677901804447,0.004266104660928249,0.004904317669570446,0.9312772154808044,0.9364334344863892,0.9244375824928284,87910.3046875,69903.71875,72571.6640625,71748.9140625
585,7,0.01409507729113102,0.00485999183729291,0.004547698423266411,0.9192856550216675,0.9371216297149658,0.9465507864952087,128062.34375,96360.578125,105765.140625,105506.5859375
586,0,0.015577965416014194,0.014066465198993683,0.014133341610431671,0.8983138799667358,0.8641831278800964,0.8598419427871704,149870.828125,140120.390625,140274.75,142736.71875
587,6,0.028256868943572044,0.013486691750586033,0.016506798565387726,0.8811773061752319,0.8725141286849976,0.8462556004524231,153913.78125,132920.296875,118289.0625,122114.3203125
588,5,0.034512151032686234,0.015338308177888393,0.015898125246167183,0.8334622383117676,0.8360327482223511,0.8118728399276733,188271.796875,133037.765625,131777.984375,116187.8203125
589,4,0.014570778235793114,0.009848401881754398,0.011571550741791725,0.8851629495620728,0.8525012731552124,0.8347465395927429,109151.671875,83978.09375,76279.734375,69715.4453125
590,3,0.03309176117181778,0.015005804598331451,0.016448084264993668,0.8554084897041321,0.8487192392349243,0.8067505955696106,197151.671875,151809.734375,163899.015625,160466.546875
591,8,0.016165204346179962,0.017884276807308197,0.015957031399011612,0.9084643125534058,0.8590807318687439,0.8637098073959351,144560.5,121390.8359375,109302.6953125,97378.40625
592,0,0.03064408339560032,0.009452889673411846,0.01222977600991726,0.8585902452468872,0.9215481877326965,0.8961013555526733,192927.1875,150516.703125,167639.484375,165793.546875
593,9,0.02230769768357277,0.013990269042551517,0.017126811668276787,0.8854995965957642,0.89845210313797,0.8923574686050415,127644.953125,106488.140625,95957.8515625,96307.265625
594,6,0.024947527796030045,0.00622245529666543,0.008130877278745174,0.889398992061615,0.9398537278175354,0.9327383041381836,140252.859375,100995.7109375,120575.84375,110705.265625
595,3,0.018699727952480316,0.01405497919768095,0.014063804410398006,0.8927659392356873,0.855823278427124,0.8548246026039124,162240.265625,119324.8828125,120209.109375,120191.734375
596,8,0.024504300206899643,0.031108573079109192,0.033884383738040924,0.8677546977996826,0.7599767446517944,0.7210302352905273,186570.4375,145292.265625,104431.6171875,99168.3046875
597,0,0.021820422261953354,0.014555415138602257,0.018031029030680656,0.8876932859420776,0.8970915675163269,0.8377976417541504,165459.015625,125540.1328125,107365.84375,117944.9765625
598,9,0.02009683847427368,0.006696540862321854,0.00875001773238182,0.9077456593513489,0.9482250213623047,0.9257562160491943,138157.03125,114132.53125,114227.8359375,106739.765625
599,9,0.024144481867551804,0.009114964865148067,0.007863884791731834,0.8854331970214844,0.9153957366943359,0.9288205504417419,159375.671875,119995.5,133808.65625,129489.78125
600,6,0.016921987757086754,0.01042950339615345,0.010675368830561638,0.900005578994751,0.8903592228889465,0.8917489647865295,133777.828125,108936.0625,113343.4765625,107900.7109375
601,8,0.02236160822212696,0.01913699321448803,0.01894247531890869,0.8910823464393616,0.8215705752372742,0.8275419473648071,132403.015625,102107.6796875,71816.34375,73725.0703125
602,6,0.03048153780400753,0.02342159114778042,0.02241818793118,0.867867112159729,0.7966667413711548,0.783663809299469,186731.8125,139488.125,147975.734375,130236.1015625
603,8,0.020119931548833847,0.01620420627295971,0.018551351502537727,0.8873617053031921,0.8766070604324341,0.8336581587791443,150854.0625,122647.96875,93827.0,94837.2421875
604,5,0.021639851853251457,0.014627274125814438,0.01338062435388565,0.8995809555053711,0.847926914691925,0.8328574895858765,151528.75,106931.90625,116198.4296875,111454.5859375
605,7,0.017522262409329414,0.006724288687109947,0.00794992409646511,0.907950222492218,0.9147446751594543,0.9098284244537354,126506.28125,98523.1640625,104925.171875,94827.9375
606,8,0.01993159018456936,0.02145284414291382,0.022945666685700417,0.8776306509971619,0.8402726650238037,0.8190941214561462,165074.515625,128065.1796875,111473.1953125,105851.21875
607,6,0.025376297533512115,0.011963383294641972,0.014561937190592289,0.8769092559814453,0.8882881999015808,0.8619527816772461,147071.203125,107220.546875,100789.203125,106204.109375
608,0,0.025600489228963852,0.009537408128380775,0.012266119942069054,0.8574788570404053,0.9105715751647949,0.8865577578544617,186578.53125,140818.828125,139639.53125,144602.84375
609,2,0.011938512325286865,0.010753263719379902,0.012751787900924683,0.9252099394798279,0.8624671697616577,0.8274793028831482,138525.71875,128585.53125,120787.796875,113182.9453125
610,4,0.023688068613409996,0.02483682706952095,0.026688965037465096,0.871768057346344,0.7094988822937012,0.7053692936897278,147642.671875,110370.3671875,79380.3671875,78455.359375
611,0,0.029057497158646584,0.023077277466654778,0.02296629175543785,0.8692701458930969,0.7937344908714294,0.7984494566917419,190025.828125,153729.71875,145128.359375,129683.8984375
612,2,0.028997821733355522,0.027205772697925568,0.028508448973298073,0.8636534214019775,0.7655985355377197,0.7521026730537415,156871.390625,125215.9765625,99386.375,79185.6171875
613,2,0.010678152553737164,0.008537808433175087,0.010998333804309368,0.9218418002128601,0.8779394626617432,0.8496330976486206,98747.6796875,94336.4296875,81352.484375,78779.3671875
614,3,0.013546559028327465,0.006112442351877689,0.006827862933278084,0.9114665985107422,0.9046649932861328,0.8773082494735718,94132.78125,73321.40625,61107.58984375,63391.140625
615,1,0.016542989760637283,0.007712707854807377,0.006886571645736694,0.9146156907081604,0.9068146347999573,0.9009689092636108,103476.140625,77717.3828125,86086.3046875,86062.8125
616,9,0.014752356335520744,0.008795283734798431,0.010223320685327053,0.9198787808418274,0.9150426387786865,0.9015874862670898,128605.609375,99706.3984375,91062.8671875,90161.5078125
617,7,0.03078964166343212,0.018306471407413483,0.017959199845790863,0.8635501861572266,0.7822619080543518,0.7929547429084778,163838.109375,121406.6171875,103045.3046875,110030.1171875
618,5,0.024793317541480064,0.01893039047718048,0.020460844039916992,0.8735968470573425,0.8430601954460144,0.7858752608299255,168012.765625,141466.5625,144104.25,127247.9765625
619,1,0.026170846074819565,0.01361394114792347,0.014877991750836372,0.8685241937637329,0.8679898381233215,0.8653324246406555,104185.046875,84339.78125,77352.484375,73043.6171875
620,0,0.02865271084010601,0.015748655423521996,0.016191212460398674,0.8330526947975159,0.8750450611114502,0.874825656414032,171238.765625,116219.609375,127867.3671875,128604.34375
621,8,0.017854999750852585,0.01158647146075964,0.013529719784855843,0.9107673764228821,0.9081152677536011,0.8880844712257385,139602.71875,104039.75,95389.9765625,98955.28125
622,4,0.017673494294285774,0.011212358251214027,0.009833065792918205,0.9149541258811951,0.8872078061103821,0.8873398303985596,156566.546875,128393.3125,126040.46875,130253.3046875
623,6,0.025997934862971306,0.006110583432018757,0.005891431123018265,0.8873493075370789,0.9369797706604004,0.9393903017044067,120185.9453125,98890.75,108781.0859375,101329.3671875
624,2,0.011901932768523693,0.013257843442261219,0.012001313269138336,0.9300971031188965,0.8238397836685181,0.8512998223304749,125463.8515625,119091.34375,105557.9140625,94191.46875
625,6,0.029537934809923172,0.028772806748747826,0.02686074748635292,0.8743144273757935,0.7454468011856079,0.7782198786735535,169793.765625,137040.53125,115483.6796875,115796.1171875
626,7,0.025225600227713585,0.008645654655992985,0.009724272415041924,0.8657754063606262,0.8910134434700012,0.8802456855773926,151425.765625,101540.609375,120132.9140625,118345.7421875
627,9,0.015324668027460575,0.011679578572511673,0.01485995203256607,0.9236252307891846,0.8948490023612976,0.86436927318573,125643.265625,101420.2421875,86324.078125,88575.25
628,3,0.020638173446059227,0.02370779775083065,0.027228383347392082,0.8945554494857788,0.7948002815246582,0.7799524664878845,146344.140625,99986.609375,78780.9765625,86171.8046875
629,2,0.02217048406600952,0.030211448669433594,0.027381176128983498,0.8505905270576477,0.6941330432891846,0.7250303626060486,138521.8125,107452.140625,70769.9140625,73387.6171875
630,9,0.01569286547601223,0.009981912560760975,0.009062978439033031,0.895858883857727,0.8849630355834961,0.9049586057662964,123320.765625,92106.5078125,79376.3359375,84836.9296875
631,8,0.03139491751790047,0.037469808012247086,0.03667060658335686,0.8464725613594055,0.6823753118515015,0.684723973274231,182457.828125,135060.546875,103365.2109375,113050.6484375
632,2,0.029061533510684967,0.01385520864278078,0.016145840287208557,0.8740108013153076,0.882774829864502,0.8541053533554077,148418.53125,118283.28125,113892.7109375,118116.4453125
633,2,0.018715837970376015,0.01467552687972784,0.017863156273961067,0.9118186831474304,0.8527119755744934,0.8018792271614075,154055.296875,118280.75,99574.671875,102451.546875
634,9,0.022317837923765182,0.006294241640716791,0.007814849726855755,0.9082235097885132,0.9507436752319336,0.9197046756744385,181967.796875,146051.546875,160164.546875,150406.296875
635,2,0.013268642127513885,0.015010942704975605,0.012917332351207733,0.9186511635780334,0.8454388976097107,0.8371837139129639,124129.8359375,114092.96875,96526.3671875,84379.5390625
636,7,0.01693984679877758,0.013470984064042568,0.013765869662165642,0.879205048084259,0.8611158728599548,0.8414945006370544,128514.7734375,84028.3828125,70292.296875,65622.125
637,3,0.019432388246059418,0.028498264029622078,0.027981465682387352,0.893366277217865,0.7362744212150574,0.7398996949195862,166778.75,134666.015625,105132.078125,113986.1953125
638,5,0.016422538086771965,0.019559204578399658,0.01943308860063553,0.9091923832893372,0.7739225029945374,0.7523901462554932,131993.015625,104867.375,77869.734375,76654.8828125
639,9,0.024589817970991135,0.007845351472496986,0.007133807521313429,0.8956203460693359,0.9446187019348145,0.9418772459030151,128951.9375,103029.578125,104595.6796875,106500.015625
640,1,0.015076817944645882,0.00474773021414876,0.006004163064062595,0.9139683842658997,0.9526192545890808,0.9396458864212036,90125.734375,73391.03125,77599.578125,74487.75
641,8,0.021548468619585037,0.017491310834884644,0.019662372767925262,0.9035698771476746,0.867095947265625,0.8458199501037598,175841.46875,140551.5625,135930.5625,139471.859375
642,0,0.02131320722401142,0.013301503844559193,0.020403357222676277,0.8915730714797974,0.8988522887229919,0.8104045391082764,169940.15625,128657.75,123655.3828125,119315.5859375
643,2,0.026160916313529015,0.011902786791324615,0.012199371121823788,0.8683505654335022,0.8455604314804077,0.8581611514091492,166496.53125,124079.5390625,119309.5,116485.1640625
644,0,0.021233806386590004,0.00814464408904314,0.008844885975122452,0.8900966644287109,0.9335180521011353,0.9249463677406311,175781.40625,135067.265625,137626.484375,140687.625
645,5,0.022855857387185097,0.005533403716981411,0.008937688544392586,0.8964627385139465,0.9434679746627808,0.8992795944213867,131276.21875,116616.8828125,113681.609375,120854.734375
646,2,0.01612330600619316,0.022611279040575027,0.023770641535520554,0.891739010810852,0.6739332675933838,0.6186632513999939,110589.2421875,97267.078125,47916.51953125,44884.7890625
647,1,0.012524610385298729,0.00196931604295969,0.0028709459584206343,0.9278572797775269,0.9746663570404053,0.9604383707046509,88099.765625,56500.05859375,74456.4140625,67432.859375
648,3,0.04332687705755234,0.019244259223341942,0.02294076979160309,0.8242658376693726,0.8293135166168213,0.7905164361000061,211077.859375,162284.109375,156798.453125,161250.859375
649,7,0.014295001514256,0.007935326546430588,0.008646825328469276,0.8906054496765137,0.8910340070724487,0.8983322978019714,105269.7109375,76929.59375,79729.0,76002.4375
650,6,0.01902400702238083,0.009694461710751057,0.013577434234321117,0.8678218126296997,0.9037084579467773,0.8630897402763367,125031.0625,86721.2265625,90874.8125,73120.4375
651,7,0.018675412982702255,0.006076481658965349,0.007617203518748283,0.9171709418296814,0.942958652973175,0.9245526790618896,135862.875,122719.6640625,121791.46875,115309.5859375
652,1,0.0114681301638484,0.005253597162663937,0.007057562004774809,0.9391851425170898,0.9352964758872986,0.9159030914306641,93679.7109375,58944.671875,77264.6171875,77265.953125
653,2,0.021037379279732704,0.022806765511631966,0.025949861854314804,0.8746106624603271,0.7331838607788086,0.6946187019348145,133436.828125,114673.265625,89181.015625,82452.1328125
654,5,0.030035069212317467,0.047300439327955246,0.05050300061702728,0.8321168422698975,0.6116651892662048,0.6049908399581909,201237.140625,148554.625,101133.78125,88630.1796875
655,8,0.037656717002391815,0.03505599498748779,0.035096194595098495,0.8356866240501404,0.6741355657577515,0.6195460557937622,184007.875,144397.78125,126874.3046875,115187.46875
656,0,0.0245574489235878,0.017850717529654503,0.01971988007426262,0.8843237161636353,0.8706583380699158,0.8436191082000732,204207.0,166446.390625,175452.078125,157220.1875
657,3,0.025899188593029976,0.01603717729449272,0.018159519881010056,0.875103771686554,0.8478870391845703,0.8306739926338196,174075.703125,132031.515625,127463.96875,122716.1171875
658,7,0.02838406153023243,0.015884628519415855,0.017955616116523743,0.8442285060882568,0.8495447635650635,0.8150715827941895,158482.828125,109210.8828125,99626.78125,96235.3671875
659,2,0.027544625103473663,0.015965605154633522,0.016272876411676407,0.8797040581703186,0.8515805602073669,0.8275066614151001,123051.6484375,113583.1953125,96746.296875,86913.25
660,4,0.017307160422205925,0.012863772921264172,0.013008657842874527,0.8534908294677734,0.836641788482666,0.8423010110855103,130498.34375,91562.609375,92924.90625,91816.9609375
661,0,0.020589271560311317,0.008755155839025974,0.008600845001637936,0.9025859832763672,0.9236330389976501,0.9241247177124023,141952.484375,104941.6484375,106629.1796875,103392.1640625
662,9,0.01677808351814747,0.008034277707338333,0.010048284195363522,0.921741247177124,0.9224196076393127,0.9095245003700256,135702.1875,111410.34375,108635.0,109280.0
663,1,0.009910054504871368,0.0026653953827917576,0.0020945288706570864,0.940126359462738,0.951805591583252,0.9723601341247559,87905.484375,75507.34375,84074.3828125,81780.90625
664,8,0.025434521958231926,0.025947779417037964,0.025215227156877518,0.8652397990226746,0.772883951663971,0.7774510383605957,163267.65625,124775.5078125,96786.40625,85333.6953125
665,6,0.03409181162714958,0.015412367880344391,0.014648109674453735,0.8538101315498352,0.8477163314819336,0.8615517020225525,198206.671875,155730.609375,151109.828125,153964.765625
666,7,0.01532584149390459,0.0063575999811291695,0.007115052081644535,0.8960002660751343,0.9252958297729492,0.9084200263023376,114039.7734375,86684.5625,90495.875,87129.84375
667,7,0.009286788292229176,0.007785116322338581,0.006607874296605587,0.9197820425033569,0.8797447681427002,0.8766766786575317,66625.296875,51591.6328125,51500.29296875,49058.0234375
668,4,0.018419701606035233,0.026831207796931267,0.030821625143289566,0.9133736491203308,0.702035665512085,0.6846232414245605,154886.921875,115447.34375,66758.9140625,66317.1953125
669,3,0.013795238919556141,0.006961793638765812,0.008527413941919804,0.9197841882705688,0.9017004370689392,0.87758868932724,116484.2734375,93116.75,79826.0,80764.8671875
670,4,0.019727366045117378,0.0062455832958221436,0.007467855233699083,0.8943378329277039,0.9406002163887024,0.9268864989280701,129597.671875,102788.90625,96845.6796875,86897.25
671,9,0.03222868964076042,0.03367694839835167,0.03072679229080677,0.8345975279808044,0.7285430431365967,0.7598161101341248,184615.09375,138397.84375,125804.171875,123083.8984375
672,1,0.009326844476163387,0.0019067601533606648,0.0018678418127819896,0.9517326951026917,0.9788511395454407,0.979068398475647,87417.484375,69468.4453125,82701.625,79224.609375
673,9,0.03568366542458534,0.014974725432693958,0.017601067200303078,0.8602089285850525,0.8650417327880859,0.8365874886512756,175362.6875,140416.21875,131155.515625,132194.84375
674,5,0.024167140945792198,0.017048632726073265,0.018373830243945122,0.8971377611160278,0.8313561081886292,0.8274843692779541,145183.828125,105944.140625,101085.53125,101753.6953125
675,1,0.013457054272294044,0.002676828997209668,0.0030584274791181087,0.9085507392883301,0.9699333310127258,0.9557139873504639,80804.1953125,59041.21484375,72584.609375,67806.1953125
676,7,0.028975121676921844,0.01971178874373436,0.020716646686196327,0.8604438900947571,0.8022745847702026,0.7973297834396362,156586.03125,112664.1796875,119537.28125,118397.2421875
677,3,0.034118134528398514,0.018032459542155266,0.01890791952610016,0.8509114384651184,0.8422684073448181,0.8399630784988403,193077.1875,158170.140625,152449.671875,143173.890625
678,9,0.025165686383843422,0.01305004395544529,0.009885579347610474,0.8821497559547424,0.8865917325019836,0.9163749814033508,156018.328125,108780.953125,122666.6328125,119802.2421875
679,7,0.013729820027947426,0.004922344349324703,0.005151481367647648,0.923184335231781,0.9515082240104675,0.9417857527732849,118908.5703125,89210.75,91709.140625,89053.2421875
680,6,0.03640017285943031,0.014627682976424694,0.015922468155622482,0.8404464721679688,0.8337183594703674,0.8173511624336243,137956.78125,106362.4296875,99515.265625,94762.5078125
681,9,0.02131444588303566,0.015856420621275902,0.01703728176653385,0.8971006274223328,0.8710029721260071,0.8604141473770142,173000.359375,137855.234375,149066.625,139273.71875
682,1,0.004770156927406788,0.0045058587566018105,0.004164932295680046,0.9463959336280823,0.9250742793083191,0.9328538179397583,83334.015625,68305.046875,72815.5546875,74546.4296875
683,3,0.014200677163898945,0.008501940406858921,0.009849326685070992,0.8995161652565002,0.9060103297233582,0.8639049530029297,110276.9765625,90008.3828125,82058.0703125,64096.375
684,7,0.021845247596502304,0.01968151330947876,0.02151094190776348,0.8962129950523376,0.7700857520103455,0.7516214847564697,136217.859375,116709.484375,78937.265625,77559.15625
685,8,0.021544508635997772,0.016818320378661156,0.019613806158304214,0.8841865658760071,0.8555942177772522,0.7870386838912964,143701.15625,109219.34375,88540.234375,92454.203125
686,3,0.02609839104115963,0.013664656318724155,0.016072997823357582,0.8685521483421326,0.8595403432846069,0.8311907052993774,140222.203125,96228.3828125,94401.59375,92771.1328125
687,3,0.015469533391296864,0.01609189622104168,0.017859963700175285,0.8927536010742188,0.8220335841178894,0.8058789372444153,150081.59375,112964.8359375,89185.2734375,95886.1953125
688,6,0.017705857753753662,0.008952350355684757,0.010517890565097332,0.9086073637008667,0.9199159145355225,0.8781937956809998,137605.609375,109072.671875,105730.34375,100111.796875
689,7,0.007671194151043892,0.009002157486975193,0.009769574739038944,0.9412575364112854,0.9058031439781189,0.8973025679588318,80904.6796875,73577.0625,66643.4609375,64370.98828125
690,2,0.021682152524590492,0.028065120801329613,0.028607582673430443,0.898125171661377,0.6965437531471252,0.7141820788383484,179071.015625,147357.09375,131478.25,136034.90625
691,8,0.02974112145602703,0.039192572236061096,0.04084097221493721,0.8506929874420166,0.6943665742874146,0.677511990070343,154927.203125,117378.8515625,78355.9765625,60484.32421875
692,5,0.015715641900897026,0.016885042190551758,0.019480571150779724,0.9076012969017029,0.8369302153587341,0.8008782267570496,128002.453125,111434.9375,88700.25,78833.6015625
693,8,0.02526915818452835,0.01293367613106966,0.016193373128771782,0.8839051723480225,0.8756877183914185,0.8446526527404785,128199.34375,110133.484375,98559.6328125,97095.8984375
694,5,0.018019231036305428,0.01676393300294876,0.017147596925497055,0.8933272957801819,0.8479828238487244,0.8530693054199219,139827.546875,118068.9765625,82247.1796875,79823.0078125
695,1,0.0064699687063694,0.0025164687540382147,0.002620949177071452,0.9561287760734558,0.968025803565979,0.9547732472419739,82350.40625,66821.53125,78821.4609375,77548.5
696,1,0.007686264347285032,0.009744956158101559,0.010887226089835167,0.9492343068122864,0.8843529224395752,0.873640775680542,79764.34375,64366.55859375,67684.4453125,65111.16015625
697,4,0.021898988634347916,0.0117647061124444,0.012330938130617142,0.8734713792800903,0.8584341406822205,0.8577812314033508,132108.15625,101023.7109375,107688.34375,95487.28125
698,4,0.022528789937496185,0.01918642595410347,0.01764989085495472,0.8907255530357361,0.8020696640014648,0.8154319524765015,149878.03125,117527.6640625,109298.28125,97313.484375
699,3,0.01837996579706669,0.010092683136463165,0.013364420272409916,0.8921980261802673,0.8927615880966187,0.8687434196472168,120629.34375,91805.28125,77756.2421875,69270.9921875
700,1,0.014164561405777931,0.006051249336451292,0.006638591643422842,0.9246198534965515,0.9249097108840942,0.9078822135925293,92530.6171875,70760.8828125,67271.421875,66050.6484375
701,0,0.0445573553442955,0.0139809250831604,0.01301734521985054,0.8166897892951965,0.9029372930526733,0.9172881841659546,204831.390625,157367.125,176577.21875,164491.765625
702,7,0.020660124719142914,0.006367561407387257,0.006046585738658905,0.8947009444236755,0.9268004298210144,0.9100368618965149,102284.4453125,76138.890625,75000.4140625,80509.7265625
703,7,0.02318224497139454,0.013183255679905415,0.013218666426837444,0.8830608129501343,0.8562085628509521,0.8563945293426514,146706.453125,112609.34375,104796.1796875,96784.1796875
704,0,0.027460681274533272,0.014430747367441654,0.014640851877629757,0.8495965003967285,0.862629771232605,0.8545661568641663,179240.359375,127279.9765625,155408.96875,142168.703125
705,7,0.020760370418429375,0.009598310105502605,0.011429082602262497,0.8958433270454407,0.8797534704208374,0.8678778409957886,127487.703125,87077.40625,98154.203125,101039.5390625
706,9,0.01714753545820713,0.009903816506266594,0.010489444248378277,0.906063973903656,0.9079166650772095,0.8973581790924072,135615.234375,108113.515625,92585.9765625,82016.4140625
707,4,0.01702257990837097,0.013865318149328232,0.015566469170153141,0.9185728430747986,0.8646182417869568,0.8477116823196411,126459.265625,110339.0859375,100637.140625,92956.734375
708,4,0.023576902225613594,0.01741219498217106,0.014901917427778244,0.8403758406639099,0.8726154565811157,0.888329803943634,140133.203125,99906.9453125,108296.9453125,94807.8515625
709,8,0.03291120380163193,0.01339827012270689,0.012736569158732891,0.8337120413780212,0.8657224178314209,0.8741350769996643,164722.125,123808.671875,108885.328125,109228.40625
710,5,0.03292681649327278,0.028071008622646332,0.029306089505553246,0.847326397895813,0.7589027881622314,0.75831538438797,204326.125,152673.328125,140377.140625,132770.59375
711,5,0.0365595817565918,0.021439488977193832,0.02180611342191696,0.8364330530166626,0.7958170771598816,0.7818462252616882,194967.8125,134569.1875,110981.546875,105597.0703125
712,4,0.022796304896473885,0.007405402138829231,0.008399756625294685,0.9088115096092224,0.933845043182373,0.9156888723373413,132299.671875,100511.484375,98949.609375,100958.484375
713,0,0.018800480291247368,0.01604941301047802,0.015919068828225136,0.8822180032730103,0.8341090679168701,0.8430061936378479,155067.359375,135430.875,111721.828125,106948.3671875
714,8,0.014921360649168491,0.018330514430999756,0.01683221571147442,0.9140971302986145,0.8268221616744995,0.8486443758010864,167459.078125,154375.671875,134078.859375,119762.4453125
715,2,0.04464517533779144,0.02170458622276783,0.02330692857503891,0.7786267995834351,0.7642440795898438,0.7521294951438904,188780.234375,134284.859375,109597.8984375,116962.515625
716,1,0.010328314267098904,0.006909362971782684,0.008218307048082352,0.9373481869697571,0.9141157865524292,0.867586612701416,91470.7109375,63855.18359375,62554.07421875,55466.96484375
717,0,0.024991275742650032,0.02924726903438568,0.042600687593221664,0.8912864923477173,0.7188320159912109,0.6691648364067078,161320.53125,117467.875,86326.109375,94931.03125
718,8,0.027485040947794914,0.010197772644460201,0.01247622724622488,0.8724925518035889,0.9127932190895081,0.8952916860580444,146819.53125,117409.9375,117562.1484375,111351.25
719,4,0.03245706483721733,0.017535027116537094,0.015840373933315277,0.8354862332344055,0.8295754194259644,0.8552497625350952,161246.234375,126405.671875,131035.265625,115288.984375
720,5,0.02907906286418438,0.04311653971672058,0.047052279114723206,0.8428993821144104,0.6298396587371826,0.6014074683189392,200537.265625,147758.546875,91272.7734375,91029.640625
721,0,0.018229791894555092,0.028350552543997765,0.028698081150650978,0.8969354033470154,0.7410477995872498,0.7328768372535706,184454.96875,155849.546875,139142.65625,140179.75
722,4,0.026082368567585945,0.008099425584077835,0.011993990279734135,0.8666298389434814,0.9037295579910278,0.8601406216621399,156252.625,119743.3671875,123291.671875,113730.140625
723,0,0.019122060388326645,0.016156572848558426,0.018929090350866318,0.9016111493110657,0.8462008833885193,0.8086466789245605,158460.28125,117304.0625,110599.3125,104304.671875
724,6,0.016925925388932228,0.011811943724751472,0.01426635216921568,0.8899123072624207,0.8836773037910461,0.8413841128349304,117146.609375,91806.109375,71514.8671875,59665.5
725,1,0.010553059168159962,0.0028251230251044035,0.002383619546890259,0.9268736243247986,0.9690033197402954,0.9625369906425476,77951.6328125,62494.72265625,68183.7734375,63183.01953125
726,7,0.0144044766202569,0.01046194601804018,0.010920323431491852,0.9178746938705444,0.90479975938797,0.8716847896575928,101785.578125,72259.140625,62282.87109375,59522.18359375
727,3,0.020617881789803505,0.016848605126142502,0.01801789365708828,0.8853398561477661,0.8516752123832703,0.8236667513847351,161878.234375,125174.28125,111094.0078125,102227.0390625
728,2,0.026361864060163498,0.011071971617639065,0.013342166319489479,0.8692141175270081,0.8628637790679932,0.8357325792312622,158572.3125,122117.0,121637.28125,127526.015625
729,6,0.025275759398937225,0.011551985517144203,0.015663351863622665,0.8721398711204529,0.9181762933731079,0.8859097957611084,172486.359375,129988.734375,127775.0625,119380.8515625
730,7,0.018950123339891434,0.008440172299742699,0.014753134921193123,0.8888518214225769,0.9104207754135132,0.8070142865180969,126116.234375,99368.0859375,82908.796875,84890.6875
731,2,0.02555919624865055,0.03144539147615433,0.032817091792821884,0.8477044105529785,0.6843678951263428,0.6825321316719055,190787.609375,148903.0625,128852.453125,128041.8515625
732,6,0.02618582360446453,0.01616310514509678,0.019209016114473343,0.8610378503799438,0.8403490781784058,0.8151558041572571,170893.0625,127039.3203125,125786.9140625,128911.34375
733,9,0.01868511736392975,0.005162111949175596,0.0058010658249258995,0.8987941145896912,0.9513469934463501,0.954867422580719,145978.453125,105469.484375,120602.4453125,123975.265625
734,3,0.01640244945883751,0.010712450370192528,0.010402973741292953,0.913934588432312,0.8856638669967651,0.8825502991676331,125677.6328125,97447.6953125,99078.828125,92836.03125
735,1,0.01047542504966259,0.0027117012068629265,0.002781584393233061,0.9370465874671936,0.9729189872741699,0.9718517065048218,81826.0546875,57960.72265625,78564.375,75387.2890625
736,4,0.04046573489904404,0.014560938812792301,0.01637604460120201,0.8294711709022522,0.8641889095306396,0.8357490301132202,161269.1875,142730.5,126506.609375,124409.6875
737,6,0.029189085587859154,0.019081803038716316,0.026740998029708862,0.8797776699066162,0.8237938284873962,0.7792239785194397,174927.734375,141032.734375,130590.4296875,126664.1171875
738,2,0.03000672720372677,0.01980791799724102,0.018040306866168976,0.8225439190864563,0.7919840216636658,0.8209569454193115,191441.921875,132967.125,114860.28125,127508.5859375
739,5,0.021213848143815994,0.008998438715934753,0.01040183287113905,0.8999431133270264,0.9068394899368286,0.874348521232605,150749.109375,120982.734375,122074.546875,116787.9453125
740,4,0.015385189093649387,0.010178067721426487,0.011254585348069668,0.924560546875,0.9138164520263672,0.9066882729530334,122028.140625,97116.0625,91579.734375,84720.4765625
741,2,0.014169442467391491,0.014740444719791412,0.022638767957687378,0.9140632748603821,0.8174347877502441,0.7419769763946533,134611.578125,112501.1171875,96294.8671875,104431.9375
742,0,0.03347178176045418,0.011634882539510727,0.012916525825858116,0.8577015995979309,0.8981431126594543,0.884265124797821,204148.203125,171970.34375,184562.140625,187077.125
743,6,0.01883663237094879,0.008768364787101746,0.010860297828912735,0.8923585414886475,0.9239087104797363,0.9005163311958313,124537.8828125,93401.7109375,93641.703125,92326.34375
744,2,0.026216765865683556,0.03782863914966583,0.04352312535047531,0.8626721501350403,0.6863126158714294,0.6655899286270142,203786.59375,161461.96875,109856.0390625,117763.34375
745,1,0.011062170378863811,0.002653928007930517,0.003776075318455696,0.9376150369644165,0.9677621126174927,0.9550597071647644,93378.5078125,75039.6171875,89313.140625,89263.234375
746,7,0.01564294472336769,0.009596933610737324,0.007905187085270882,0.9261907339096069,0.8841424584388733,0.900932788848877,116011.9140625,93016.2421875,108942.7109375,99947.5859375
747,3,0.021572813391685486,0.015621254220604897,0.01506293285638094,0.8964152336120605,0.8150748014450073,0.8251537084579468,153703.71875,119940.7734375,116350.21875,113197.78125
748,4,0.026074623689055443,0.0109806377440691,0.013514650985598564,0.878855288028717,0.883438229560852,0.8625127077102661,141261.046875,94874.0390625,90435.171875,85842.609375
749,1,0.009284824132919312,0.0033202378544956446,0.00364826456643641,0.9252971410751343,0.9489662051200867,0.9409312009811401,65553.296875,55635.203125,56316.984375,51078.53125
750,0,0.017864255234599113,0.008660929277539253,0.013208470307290554,0.8887829780578613,0.9283620119094849,0.8868205547332764,174369.875,144876.03125,141644.765625,150682.53125
751,5,0.03150234743952751,0.016220226883888245,0.015879226848483086,0.8650344610214233,0.8754376769065857,0.876434862613678,219251.21875,181030.8125,173827.296875,157997.3125
752,4,0.024181481450796127,0.013035993091762066,0.016526153311133385,0.8851933479309082,0.8458591103553772,0.8150429725646973,151566.015625,115283.1171875,117179.6796875,117173.8359375
753,3,0.02140098623931408,0.011621002107858658,0.010692429728806019,0.9092715382575989,0.8524119853973389,0.8594040274620056,150938.578125,118905.46875,125166.21875,125208.1796875
754,1,0.012553141452372074,0.002162095857784152,0.0021371443290263414,0.9209105372428894,0.9722481966018677,0.9719206690788269,84135.3515625,55137.859375,64142.4921875,61157.2421875
755,1,0.012281157076358795,0.002162835793569684,0.0030595590360462666,0.917964518070221,0.9721876382827759,0.9544525146484375,78136.9375,53954.42578125,65160.515625,58113.94921875
756,7,0.019658252596855164,0.007659586146473885,0.006785934325307608,0.8964139223098755,0.9256021976470947,0.9295886754989624,127552.140625,85430.09375,91589.0,100596.8359375
757,4,0.014054485596716404,0.008039694279432297,0.0073362379334867,0.9228475689888,0.9139207005500793,0.9107176661491394,132879.046875,104529.3828125,99258.6484375,100563.9765625
758,9,0.015438828617334366,0.009397309273481369,0.010743468999862671,0.9204772710800171,0.9147377014160156,0.9035725593566895,134880.6875,102903.3359375,113444.1015625,115623.0390625
759,9,0.015062621794641018,0.008294670842587948,0.010097756050527096,0.9233016967773438,0.9212455749511719,0.9056533575057983,125579.7734375,99072.0,103738.6328125,98358.2734375
760,4,0.02109786681830883,0.009246323257684708,0.009300430305302143,0.8766732811927795,0.9100052118301392,0.9064928889274597,108085.328125,66555.765625,60641.68359375,61180.7734375
761,8,0.027215855196118355,0.014058240689337254,0.016975436359643936,0.8866704702377319,0.8830032348632812,0.8468537330627441,128672.6875,118914.1640625,96747.46875,85394.828125
762,4,0.03339505195617676,0.014963144436478615,0.015154864639043808,0.8405526280403137,0.8549907207489014,0.8130559325218201,156480.640625,126456.9140625,122044.3359375,109348.7421875
763,0,0.021167103201150894,0.012443776242434978,0.02293131686747074,0.891072154045105,0.8713834285736084,0.7708196640014648,192830.890625,155151.59375,136517.71875,121238.96875
764,2,0.023096827790141106,0.02430354245007038,0.02566533535718918,0.8810957074165344,0.7556287050247192,0.7434436082839966,171766.953125,142127.953125,90415.3828125,101885.21875
765,4,0.02308276668190956,0.007023146841675043,0.007702587638050318,0.8530869483947754,0.905144214630127,0.8817694187164307,130321.0546875,87891.8984375,89966.015625,84937.7890625
766,5,0.03556595370173454,0.02284865640103817,0.030801057815551758,0.8533941507339478,0.8062679171562195,0.7489969730377197,198829.625,162417.875,150694.203125,151613.796875
767,1,0.011586648412048817,0.003456255653873086,0.002928112167865038,0.8993248343467712,0.933678925037384,0.946600615978241,75708.015625,51872.93359375,56737.40234375,60554.2890625
768,1,0.01414360199123621,0.0014907103031873703,0.002347275149077177,0.9333111047744751,0.9821904897689819,0.9689897894859314,88669.5390625,59494.31640625,79481.671875,79424.0859375
769,6,0.021350713446736336,0.006174199283123016,0.007881985045969486,0.8929457068443298,0.946603000164032,0.9348570704460144,137791.03125,103976.4296875,114669.5078125,109719.5859375
770,4,0.02560492791235447,0.013268081471323967,0.01654762774705887,0.890052318572998,0.8583812713623047,0.8359598517417908,157400.46875,129607.1796875,127516.6640625,125296.671875
771,7,0.0353766605257988,0.011099327355623245,0.01186202373355627,0.8453130722045898,0.9136228561401367,0.909109354019165,142963.859375,99758.6484375,107269.53125,104568.3671875
772,1,0.014124011620879173,0.004663331899791956,0.005284685641527176,0.903180718421936,0.9404005408287048,0.9267507791519165,87787.203125,60141.625,72088.3125,73452.4140625
773,9,0.014563105069100857,0.007338960189372301,0.007787054870277643,0.9165493249893188,0.9304803013801575,0.9291708469390869,128893.1875,97120.78125,104207.8359375,100103.515625
774,4,0.012806463986635208,0.0105460025370121,0.010891393758356571,0.9101141691207886,0.885959267616272,0.8765456080436707,94487.1015625,89956.078125,74016.5078125,70942.984375
775,2,0.03720517456531525,0.018147146329283714,0.020343968644738197,0.8506600856781006,0.826083242893219,0.8071991801261902,144988.953125,119359.34375,94362.671875,96257.734375
776,4,0.02594437263906002,0.02181847020983696,0.02476847916841507,0.869854211807251,0.8044736981391907,0.7775668501853943,131263.640625,105357.234375,100640.546875,96115.671875
777,1,0.014492867514491081,0.003625085111707449,0.005182191729545593,0.9294936060905457,0.9569228887557983,0.9364528656005859,94117.0,77618.703125,83608.015625,81202.2734375
778,5,0.028990622609853745,0.01283535361289978,0.01085800863802433,0.8642964959144592,0.9019871950149536,0.9154175519943237,166573.859375,135061.15625,136307.765625,124062.03125
779,5,0.011164868250489235,0.017262369394302368,0.01872737891972065,0.925549328327179,0.7949323058128357,0.7786509990692139,128224.140625,110258.1796875,87318.328125,84405.453125
780,3,0.016744369640946388,0.02377287484705448,0.026782972738146782,0.9013692140579224,0.7222623229026794,0.6906479597091675,175593.96875,137644.421875,108383.140625,99380.3125
781,8,0.014097138307988644,0.02108466625213623,0.02323770523071289,0.9161957502365112,0.7591851353645325,0.7052838802337646,122799.1875,102986.46875,66065.4296875,59364.671875
782,3,0.024616532027721405,0.02314530499279499,0.02234363928437233,0.885627269744873,0.7590794563293457,0.765700101852417,183204.078125,152130.65625,158904.421875,154142.328125
783,1,0.011522921733558178,0.003185826586559415,0.003993523307144642,0.9072542786598206,0.9398916959762573,0.9301544427871704,74564.6171875,55298.3671875,62916.2734375,60228.5703125
784,4,0.026317449286580086,0.022600963711738586,0.028126152232289314,0.8557824492454529,0.7686079740524292,0.7214254140853882,139721.34375,105594.3359375,93297.3828125,93650.7109375
785,5,0.020689409226179123,0.015323682688176632,0.020588018000125885,0.8821281790733337,0.8687614798545837,0.8126198649406433,157832.328125,119588.21875,131446.03125,126836.140625
786,6,0.027741730213165283,0.027693551033735275,0.028645729646086693,0.8540840744972229,0.7499558925628662,0.7364557981491089,149646.984375,104867.1015625,82218.21875,79990.6640625
787,8,0.024330507963895798,0.03579970821738243,0.03499079495668411,0.8892951607704163,0.7414395213127136,0.7318563461303711,203134.40625,164416.765625,125289.671875,120384.734375
788,9,0.015806056559085846,0.005825536325573921,0.005398225970566273,0.9247864484786987,0.9537274837493896,0.9502368569374084,138853.390625,106195.671875,105699.375,107252.609375
789,4,0.015571137890219688,0.01573552004992962,0.017566440626978874,0.9037875533103943,0.8245505094528198,0.8137838840484619,137372.890625,114414.375,87432.28125,89662.546875
790,1,0.014414073899388313,0.00310744671151042,0.004782809875905514,0.9289490580558777,0.9638569951057434,0.944801390171051,89387.8125,78373.8984375,79450.5859375,77600.3125
791,5,0.02296876162290573,0.01448744535446167,0.012762108817696571,0.8676642179489136,0.8430919647216797,0.8431192636489868,160426.53125,107183.8359375,101764.46875,93933.828125
792,3,0.0315241813659668,0.02460862137377262,0.02358909510076046,0.8765297532081604,0.7803604602813721,0.7768827080726624,218476.234375,174660.890625,158074.359375,146279.515625
793,8,0.026893826201558113,0.014653409831225872,0.014530095271766186,0.8704128265380859,0.891250491142273,0.8886429667472839,175979.296875,144658.03125,143590.515625,128246.8359375
794,0,0.027188582345843315,0.006187738850712776,0.006034726742655039,0.8553833961486816,0.9410591721534729,0.9365600347518921,182223.921875,120244.6796875,142062.703125,137073.59375
795,3,0.0169860627502203,0.013322063721716404,0.014572355896234512,0.9084059000015259,0.8575490117073059,0.8091660737991333,108536.4296875,82777.171875,54086.375,48127.41796875
796,2,0.03968333080410957,0.016847630962729454,0.014686919748783112,0.8436717987060547,0.8489303588867188,0.8558022975921631,189259.09375,145855.078125,139051.765625,142347.59375
797,5,0.013725538738071918,0.01847829855978489,0.018192186951637268,0.9111786484718323,0.7679393291473389,0.7505415081977844,106372.9375,85535.8984375,63126.109375,50128.67578125
798,1,0.01245479192584753,0.0048124054446816444,0.005328143015503883,0.9347742795944214,0.9343999624252319,0.9241536855697632,90626.0390625,72275.71875,78667.609375,74553.828125
799,2,0.024404728785157204,0.0261214692145586,0.029872218146920204,0.8747665882110596,0.7495590448379517,0.7158589959144592,172680.46875,140550.453125,113436.0390625,109777.1328125
800,8,0.02265581302344799,0.017683805897831917,0.01886788196861744,0.8845055103302002,0.8686556816101074,0.861799418926239,170181.078125,121466.484375,123531.6484375,114879.28125
801,3,0.03809452801942825,0.01986486092209816,0.02357843890786171,0.8277194499969482,0.8215339779853821,0.7741554379463196,178658.234375,126485.40625,129053.984375,140008.9375
802,4,0.019897859543561935,0.017388708889484406,0.0185692235827446,0.8776983022689819,0.8441097140312195,0.825156033039093,149102.75,116594.6953125,105226.3515625,98517.015625
803,4,0.026095207780599594,0.016320733353495598,0.016064247116446495,0.8649607300758362,0.7960904240608215,0.7887238264083862,158418.0,129019.640625,99376.203125,90004.828125
804,0,0.028120584785938263,0.019375097006559372,0.02325480803847313,0.8553252816200256,0.8489890694618225,0.8071459531784058,190143.21875,144921.734375,137657.203125,126673.1796875
805,8,0.02832288295030594,0.01138179749250412,0.012033460661768913,0.8683841228485107,0.883141040802002,0.9005679488182068,157723.828125,115093.9296875,116150.3671875,116969.578125
806,8,0.019027117639780045,0.02083936706185341,0.022237174212932587,0.8896912336349487,0.8235834836959839,0.8196441531181335,171227.734375,141831.796875,97770.84375,104636.5859375
807,3,0.024255089461803436,0.020177951082587242,0.024244826287031174,0.881270706653595,0.7643815279006958,0.7511312365531921,190370.03125,149210.9375,147068.71875,152011.71875
808,3,0.02625313587486744,0.01729249209165573,0.01932860165834427,0.8560655117034912,0.8204294443130493,0.8152714967727661,164131.1875,126348.9765625,113684.265625,108104.40625
809,1,0.009320789016783237,0.00325633492320776,0.0036327182315289974,0.9223336577415466,0.9503611326217651,0.9461851119995117,64067.40234375,42102.02734375,48012.91796875,40554.44921875
810,7,0.03771905601024628,0.037444908171892166,0.03365013375878334,0.8408592343330383,0.6606664061546326,0.7225764989852905,194527.765625,149924.21875,103556.9453125,113051.7109375
811,3,0.020700901746749878,0.012647304683923721,0.014084132388234138,0.8993382453918457,0.8451712131500244,0.8070290088653564,142548.984375,109315.796875,112837.1171875,119452.3828125
812,5,0.030152838677167892,0.02149375155568123,0.027842164039611816,0.8582548499107361,0.8131471872329712,0.7549962997436523,194461.796875,140135.796875,144020.984375,129643.21875
813,9,0.02609422616660595,0.01735222339630127,0.018717145547270775,0.880649209022522,0.8470138311386108,0.8234679102897644,161953.671875,124211.3203125,124377.0390625,119429.3046875
814,6,0.022644007578492165,0.006356621161103249,0.007797927130013704,0.8884705901145935,0.9573881030082703,0.9471195340156555,121408.6796875,89823.609375,93303.46875,85527.2421875
815,3,0.01593104936182499,0.01015446800738573,0.014588707126677036,0.9288195967674255,0.8906509876251221,0.8472678065299988,149030.125,127455.9765625,120426.203125,118964.75
816,2,0.03126412630081177,0.019480425864458084,0.015424665063619614,0.8406659960746765,0.7687253355979919,0.8086901307106018,154915.03125,120017.875,120911.84375,111907.1015625
817,6,0.024143140763044357,0.020203951746225357,0.02492179349064827,0.8813410997390747,0.845986008644104,0.8125650882720947,175906.625,129933.796875,131120.625,121996.4453125
818,1,0.011613091453909874,0.006188053172081709,0.006921575404703617,0.9425347447395325,0.9262812733650208,0.9124728441238403,104368.8515625,83005.1484375,90507.1796875,85521.40625
819,3,0.0245343167334795,0.022341707721352577,0.02333764173090458,0.8436459898948669,0.759522020816803,0.7185385227203369,175717.296875,132524.34375,123926.28125,116468.6328125
820,6,0.03142102435231209,0.016464462503790855,0.015174704603850842,0.8516563177108765,0.8579567074775696,0.8656517267227173,179488.859375,125992.1171875,140642.953125,130370.1171875
821,0,0.01988120935857296,0.011861873790621758,0.01667376421391964,0.8650696277618408,0.8751462697982788,0.8283010721206665,166599.359375,124139.75,129343.90625,132391.890625
822,7,0.02853570133447647,0.00845509022474289,0.005713505204766989,0.8595077395439148,0.9222145676612854,0.9496824741363525,156504.328125,102154.46875,117097.6015625,120568.7421875
823,2,0.03375466540455818,0.01814417541027069,0.01594381220638752,0.8518771529197693,0.831671416759491,0.8539559841156006,177009.671875,143818.984375,132097.265625,119947.9140625
824,1,0.011020634323358536,0.0026907650753855705,0.0023555192165076733,0.9214770793914795,0.9625259637832642,0.965212881565094,82777.59375,64170.640625,63472.69140625,62108.90625
825,7,0.020467592403292656,0.011845525354146957,0.013428594917058945,0.9078731536865234,0.8854818344116211,0.8856884241104126,142162.53125,119284.203125,120496.6796875,115232.3203125
826,1,0.01092488318681717,0.0025933245196938515,0.0024535292759537697,0.9371477961540222,0.9674828052520752,0.9725657105445862,88755.1796875,61984.6015625,76131.859375,76742.8828125
827,4,0.010235199704766273,0.016573620960116386,0.01621091738343239,0.9098314642906189,0.7792651057243347,0.797726571559906,97415.75,85519.4609375,74225.8359375,67043.015625
828,2,0.019718730822205544,0.012920496985316277,0.012785101309418678,0.8682384490966797,0.7955146431922913,0.7988182306289673,161336.734375,127689.796875,112037.875,112838.8125
829,4,0.024106768891215324,0.029783029109239578,0.02456407994031906,0.8628901243209839,0.7336310148239136,0.7441161870956421,134201.734375,99533.9296875,77105.8359375,66094.6328125
830,2,0.0130951888859272,0.02018694020807743,0.020319409668445587,0.878741979598999,0.7080683708190918,0.705676794052124,101849.203125,82962.2109375,51101.390625,59812.3828125
831,1,0.01328949723392725,0.0034062927588820457,0.0037735209334641695,0.9207698106765747,0.9484180212020874,0.9464462995529175,84685.1640625,58173.8984375,72083.234375,67601.140625
832,7,0.011554666794836521,0.016522319987416267,0.014847787097096443,0.9287994503974915,0.8129666447639465,0.8300462961196899,124073.5859375,106694.7109375,87314.078125,85865.5703125
833,9,0.026739271357655525,0.007709627505391836,0.00818211305886507,0.8643710613250732,0.9260859489440918,0.9212939143180847,126268.4453125,86445.6953125,95909.3046875,93423.4296875
834,6,0.0262991264462471,0.009556112810969353,0.008598527871072292,0.885528028011322,0.915974497795105,0.9127587676048279,112484.203125,82279.375,84374.9453125,80270.484375
835,1,0.008078237064182758,0.0020710674580186605,0.0016480206977576017,0.9392240643501282,0.970898449420929,0.9694628715515137,73995.1484375,56697.734375,66986.5703125,64423.15625
836,1,0.01200868096202612,0.005024413578212261,0.004359287675470114,0.9235990643501282,0.9313022494316101,0.9388415217399597,83204.296875,61216.55078125,64530.84375,65747.4921875
837,2,0.019438404589891434,0.018995855003595352,0.02012500911951065,0.8942039608955383,0.7909701466560364,0.7779884934425354,153772.09375,129275.2421875,97455.8984375,84435.4140625
838,4,0.02332441695034504,0.020351199433207512,0.017907967790961266,0.8632007241249084,0.7869520783424377,0.8199984431266785,148952.671875,100473.5390625,110987.484375,102990.53125
839,8,0.029476627707481384,0.018605228513479233,0.021246617659926414,0.8730553388595581,0.8731892704963684,0.8216731548309326,170983.609375,135050.59375,122356.9453125,125334.375
840,1,0.01965879276394844,0.004869429860264063,0.004436918068677187,0.8973479866981506,0.9301369190216064,0.9388051629066467,93322.4375,73542.3125,84032.4296875,82865.28125
841,7,0.015627941116690636,0.027537623420357704,0.029199838638305664,0.90560382604599,0.6974063515663147,0.6839445233345032,156666.703125,130506.3125,95191.078125,87497.84375
842,7,0.008977468125522137,0.007373748812824488,0.006959658581763506,0.9048516154289246,0.9021396636962891,0.9026309847831726,81845.6171875,61872.26953125,67003.0859375,67153.6328125
843,4,0.023162968456745148,0.00937649141997099,0.014415893703699112,0.8696773052215576,0.8721372485160828,0.8186561465263367,150108.296875,110820.34375,113396.671875,105468.6328125
844,8,0.0163936335593462,0.029277494177222252,0.026973670348525047,0.8831048011779785,0.7230871915817261,0.7010663151741028,126730.953125,105187.203125,50604.58984375,42920.81640625
845,0,0.03408044949173927,0.01589706353843212,0.02260528691112995,0.836696207523346,0.8899490833282471,0.8432188630104065,199325.328125,143533.71875,156958.46875,154064.28125
846,7,0.01642571948468685,0.015437937341630459,0.0158514603972435,0.9059962630271912,0.8552661538124084,0.8474007248878479,144495.5625,110090.34375,106647.875,110271.7109375
847,3,0.023669473826885223,0.022130878642201424,0.021589169278740883,0.8790406584739685,0.7830770015716553,0.7623289823532104,146464.6875,103868.3828125,95558.0078125,94444.96875
848,1,0.016004415228962898,0.004397592507302761,0.005633534863591194,0.9162826538085938,0.9409338235855103,0.9212762117385864,87102.0625,63355.8515625,69286.171875,73499.3671875
849,3,0.02204563468694687,0.015149705111980438,0.015823697671294212,0.877830982208252,0.8098902702331543,0.8201314210891724,183611.953125,146085.4375,142734.609375,133270.1875
850,1,0.014829711057245731,0.0034118378534913063,0.004126313142478466,0.9122401475906372,0.9565867781639099,0.9500624537467957,89080.8359375,63925.98828125,83097.4609375,79131.46875
851,0,0.02241220697760582,0.005409318022429943,0.00510454224422574,0.8947176337242126,0.9452299475669861,0.9443343877792358,168775.53125,141493.40625,151147.96875,144504.296875
852,7,0.010410717688500881,0.007728902623057365,0.00796452071517706,0.9026746153831482,0.8760280609130859,0.8687723875045776,96188.0078125,78272.796875,74043.9296875,69695.6875
853,7,0.01805294305086136,0.013388498686254025,0.012333910912275314,0.9213478565216064,0.842179000377655,0.8649506568908691,147209.625,123112.9453125,119148.28125,112448.96875
854,0,0.02275891974568367,0.014723042957484722,0.015355386771261692,0.8627538681030273,0.8769667148590088,0.8629480004310608,175902.9375,142716.265625,134192.453125,135185.578125
855,3,0.0250348262488842,0.013385038822889328,0.013975529000163078,0.8901335000991821,0.8434340357780457,0.8051567673683167,148725.0,126254.875,115230.6328125,121590.8984375
856,5,0.014217603951692581,0.022982105612754822,0.023637680336833,0.9113157391548157,0.7129333019256592,0.6977386474609375,127205.5078125,108880.9140625,91409.4296875,79530.859375
857,5,0.025142090395092964,0.009878990240395069,0.011426964774727821,0.8686574697494507,0.8992907404899597,0.8463952541351318,135526.03125,103357.9375,97086.84375,97096.34375
858,2,0.028612827882170677,0.01329014915972948,0.017609603703022003,0.8536040186882019,0.8489294052124023,0.7782103419303894,153852.53125,114137.21875,97531.546875,92868.6640625
859,7,0.016764428466558456,0.005581629928201437,0.0077284243889153,0.8936237096786499,0.9468961358070374,0.921638011932373,121609.3046875,91183.703125,93668.8359375,92869.1796875
860,6,0.026042407378554344,0.014134599827229977,0.017071940004825592,0.8609838485717773,0.8789876103401184,0.849736750125885,191951.0,141633.328125,138028.234375,131978.25
861,6,0.016935644671320915,0.016803661361336708,0.02010483480989933,0.8988040089607239,0.7991510629653931,0.7489304542541504,127839.6640625,99866.109375,80164.8046875,66430.9921875
862,9,0.020697101950645447,0.010805348865687847,0.01150127686560154,0.8927081227302551,0.9190453886985779,0.9218822717666626,145474.796875,112992.875,112414.9296875,115643.84375
863,2,0.014932374469935894,0.021977068856358528,0.022541316226124763,0.8987821340560913,0.7800034284591675,0.7548925876617432,152643.359375,130961.3828125,113923.796875,118892.515625
864,8,0.052227526903152466,0.025132738053798676,0.03045746125280857,0.8081841468811035,0.8065330386161804,0.7528597712516785,194190.953125,168791.421875,142929.859375,133884.8125
865,3,0.019644441083073616,0.013171634636819363,0.013496463187038898,0.9015256762504578,0.8610344529151917,0.8618240356445312,140939.234375,104988.296875,101976.0390625,97836.203125
866,5,0.020317362621426582,0.02695794403553009,0.029685163870453835,0.8987088799476624,0.7362610101699829,0.7235555648803711,156114.46875,135315.421875,116966.21875,116649.796875
867,2,0.0176802109926939,0.016742100939154625,0.012921897694468498,0.9013400673866272,0.8011792898178101,0.8316276669502258,163254.5,131045.078125,132407.453125,110698.1796875
868,2,0.0196266770362854,0.01691552624106407,0.016899805516004562,0.8864859342575073,0.8509743809700012,0.8081141710281372,127848.1328125,99409.46875,77268.40625,75231.5390625
869,5,0.03807119280099869,0.018934868276119232,0.014735067263245583,0.835170567035675,0.8408249020576477,0.8593586087226868,167948.03125,136760.453125,129893.5703125,132097.625
870,6,0.012037284672260284,0.012548485770821571,0.013062426820397377,0.934899628162384,0.8731123805046082,0.8723905086517334,134709.578125,119926.8359375,113704.5703125,100968.6328125
871,0,0.0347653292119503,0.011165149509906769,0.011431869119405746,0.8647133708000183,0.914673924446106,0.9154940247535706,200299.921875,153396.234375,176284.125,171024.328125
872,8,0.024227987974882126,0.016895556822419167,0.016840927302837372,0.9050767421722412,0.8519880175590515,0.8528109192848206,150376.40625,131680.484375,113383.515625,106615.640625
873,2,0.021024269983172417,0.01669941283762455,0.02238399349153042,0.9001379609107971,0.8168937563896179,0.7213391661643982,166708.46875,125612.8828125,113427.3046875,117203.6796875
874,9,0.017665313556790352,0.007420981302857399,0.00607267627492547,0.9075762629508972,0.9473592638969421,0.9525554180145264,119103.3984375,93895.0390625,94228.140625,101160.5703125
875,2,0.030128678306937218,0.012357393279671669,0.01605687290430069,0.8566570281982422,0.9094556570053101,0.8810661435127258,171502.203125,117357.671875,126065.75,117164.21875
876,8,0.046700675040483475,0.0317496657371521,0.03854939341545105,0.8170667290687561,0.7608953714370728,0.6770731210708618,234581.296875,167065.0,134918.3125,124730.1171875
877,8,0.029849683865904808,0.02979288063943386,0.03675862029194832,0.8699147701263428,0.7985001802444458,0.7439676523208618,211603.0625,168377.796875,133236.828125,119263.84375
878,8,0.033950936049222946,0.024908654391765594,0.02418322116136551,0.867171049118042,0.7969551682472229,0.814281702041626,202129.0625,151584.921875,142658.96875,142236.890625
879,8,0.02457408793270588,0.02050582692027092,0.023673148825764656,0.870208740234375,0.8161801695823669,0.806861162185669,174530.734375,126264.75,91182.7109375,101154.5078125
880,7,0.013344518840312958,0.008137314580380917,0.007597958203405142,0.9327878355979919,0.8780798316001892,0.8912875056266785,120084.4375,92009.4453125,100562.046875,103466.5859375
881,4,0.023254239931702614,0.013636836782097816,0.01423637941479683,0.8845564126968384,0.8945514559745789,0.8941220641136169,134783.421875,103694.3984375,90034.484375,84542.9453125
882,9,0.011071297340095043,0.010783586651086807,0.012463106773793697,0.9115344882011414,0.8686045408248901,0.8477723598480225,93940.546875,90940.0390625,74888.078125,63104.1875
883,3,0.01245041098445654,0.01958048716187477,0.021040191873908043,0.8970252871513367,0.7671809196472168,0.7145834565162659,103942.875,87945.7109375,57769.4375,48287.0
884,0,0.02146744169294834,0.008515649475157261,0.009491385892033577,0.88573157787323,0.9212278723716736,0.9160675406455994,160826.46875,129043.4453125,134529.828125,130330.9375
885,6,0.020767565816640854,0.017283905297517776,0.01845456287264824,0.9010772705078125,0.8393956422805786,0.8245578408241272,115000.0625,86055.4609375,82204.4765625,75677.734375
886,6,0.02588319405913353,0.01650250144302845,0.017365308478474617,0.8771106004714966,0.8670983910560608,0.8586456775665283,185844.125,139360.796875,138651.53125,132232.0625
887,3,0.026030588895082474,0.017946982756257057,0.01660654880106449,0.8602061867713928,0.8035632967948914,0.8301514387130737,157590.875,102734.078125,105041.6484375,104478.734375
888,2,0.021092092618346214,0.013998501002788544,0.018222223967313766,0.878753125667572,0.811240017414093,0.7688490748405457,152303.390625,121518.296875,102123.828125,102076.3046875
889,1,0.010518592782318592,0.0019107013940811157,0.002454964676871896,0.9284583926200867,0.9801888465881348,0.9711475372314453,86268.6953125,66919.7109375,77066.015625,78792.1171875
890,3,0.02008759416639805,0.013260933570563793,0.013164505362510681,0.899061381816864,0.8803737163543701,0.8720894455909729,144026.0,118967.6484375,105786.8828125,109494.4140625
891,2,0.022477542981505394,0.01441545132547617,0.014220327138900757,0.8873200416564941,0.8233546018600464,0.8282961249351501,162342.890625,118865.8125,109788.5859375,111840.8671875
892,2,0.030482757836580276,0.02340993471443653,0.021390296518802643,0.8518670201301575,0.7624039649963379,0.7719336152076721,161219.203125,123433.6171875,110417.21875,114121.1171875
893,9,0.02273014560341835,0.012249530293047428,0.01277762372046709,0.8812490701675415,0.8816038966178894,0.8801668882369995,155142.09375,109280.3828125,104893.90625,104774.9765625
894,3,0.05194629356265068,0.025869095697999,0.034080538898706436,0.7970582246780396,0.7776761651039124,0.7290690541267395,183299.484375,160690.453125,137070.125,140490.8125
895,0,0.03488538786768913,0.0341666042804718,0.03445087745785713,0.8606173396110535,0.7939225435256958,0.7843870520591736,186114.390625,148609.234375,135210.71875,130725.84375
896,0,0.018687939271330833,0.016316568478941917,0.024539457634091377,0.9025752544403076,0.8601304292678833,0.8130843043327332,186332.0625,142842.21875,142835.6875,141448.921875
897,5,0.025514231994748116,0.017051279544830322,0.018631763756275177,0.8602570295333862,0.8416867256164551,0.8303872346878052,172056.546875,134771.21875,114074.8984375,115245.7734375
898,7,0.023607365787029266,0.011548425070941448,0.014647131785750389,0.8719902634620667,0.8563648462295532,0.8437202572822571,135790.703125,104382.609375,84641.015625,75240.640625
899,8,0.03824613243341446,0.0193341001868248,0.01680583320558071,0.8228244185447693,0.8389483094215393,0.851685643196106,197195.828125,131482.015625,119793.375,133409.359375
900,1,0.01007028203457594,0.009140528738498688,0.010655101388692856,0.933223307132721,0.8979615569114685,0.869037389755249,90215.21875,69257.6796875,59673.55859375,49549.35546875
901,4,0.024878906086087227,0.01649356260895729,0.017618997022509575,0.8794023990631104,0.7986158728599548,0.7127999663352966,155760.90625,114979.71875,100133.25,95939.2421875
902,4,0.01386025920510292,0.009119019843637943,0.010185481980443,0.9288803339004517,0.9159663915634155,0.9027961492538452,122478.53125,94997.0078125,87081.796875,82000.8671875
903,6,0.041641321033239365,0.018202384933829308,0.01844307780265808,0.8247567415237427,0.8035983443260193,0.7868947982788086,139621.796875,117442.5390625,100238.0859375,94181.078125
904,0,0.03426944836974144,0.02990558184683323,0.02890133112668991,0.8368637561798096,0.7583629488945007,0.7690058946609497,200096.359375,135922.875,127441.8515625,114084.671875
905,2,0.03236567974090576,0.024506879970431328,0.02391679957509041,0.846469521522522,0.7537149786949158,0.7442541122436523,162551.203125,128867.8359375,104686.2421875,107511.015625
906,9,0.02754475548863411,0.01078085508197546,0.012313589453697205,0.8850852847099304,0.9141437411308289,0.9040520787239075,155655.0,121860.265625,120542.3828125,120953.2109375
907,1,0.008676508441567421,0.002638855716213584,0.0029391103889793158,0.9447723627090454,0.9543892741203308,0.9523836970329285,75977.5078125,57639.19140625,71913.25,73073.6796875
908,4,0.016124805435538292,0.004806263372302055,0.006161974277347326,0.9179884791374207,0.92635577917099,0.9148831963539124,120279.7109375,102289.515625,104974.875,96934.984375
909,7,0.010996334254741669,0.023324402049183846,0.02346341498196125,0.9188199043273926,0.7346318960189819,0.7240005135536194,108347.5625,84373.4453125,53720.140625,58689.875
910,4,0.015040013939142227,0.011060317978262901,0.012522872537374496,0.9151232838630676,0.8561007380485535,0.8373688459396362,144018.296875,115604.40625,113825.75,113831.6953125
911,7,0.0179161187261343,0.009837690740823746,0.01026256661862135,0.9113577604293823,0.8967105746269226,0.8914318084716797,139393.1875,113040.1796875,120941.9765625,119877.078125
912,3,0.02566632814705372,0.01741461083292961,0.017250772565603256,0.8784515857696533,0.846804141998291,0.8341808319091797,204186.359375,152894.46875,149982.765625,134266.796875
913,9,0.022229401394724846,0.009873094037175179,0.008990838192403316,0.8715222477912903,0.9036410450935364,0.9117537140846252,149784.28125,104362.03125,96475.875,100217.8671875
914,8,0.02736443281173706,0.01261760201305151,0.010540586896240711,0.8510506749153137,0.9020825624465942,0.9245357513427734,145111.546875,101889.53125,91753.203125,86626.6796875
915,8,0.017705494537949562,0.01108111348003149,0.014514188282191753,0.9109451174736023,0.9151495695114136,0.8827881217002869,133187.84375,105853.75,95602.7734375,87782.7109375
916,4,0.019115187227725983,0.03252337872982025,0.03184792399406433,0.9068936705589294,0.5867544412612915,0.5738039612770081,131439.171875,104678.3984375,71428.4765625,63256.25390625
917,7,0.016485463827848434,0.008407785557210445,0.0071609714068472385,0.889397919178009,0.8901656866073608,0.9054915308952332,123547.078125,83492.5703125,89592.34375,95828.40625
918,1,0.006168318446725607,0.003771916264668107,0.004473781678825617,0.9314460754394531,0.9310949444770813,0.9163463115692139,59307.05859375,46474.71484375,50648.9921875,42692.296875
919,2,0.01965799368917942,0.011826611123979092,0.014214644208550453,0.8778313398361206,0.8612916469573975,0.8368251323699951,129285.3671875,98371.6171875,93485.46875,88800.8984375
920,1,0.00999341532588005,0.0028769439086318016,0.003053702414035797,0.9319107532501221,0.9540867805480957,0.944809079170227,75158.8828125,44458.19140625,51544.97265625,50994.0703125
921,2,0.029449988156557083,0.022071506828069687,0.022209910675883293,0.8605479001998901,0.7704048752784729,0.7821917533874512,162522.65625,130418.484375,112554.03125,119327.3671875
922,2,0.01926594041287899,0.019783858209848404,0.022880570963025093,0.8931435942649841,0.7606801986694336,0.7282535433769226,157181.015625,123866.96875,106248.203125,117719.1796875
923,3,0.035375628620386124,0.019810473546385765,0.022563928738236427,0.8504763245582581,0.8018115162849426,0.7829692363739014,187923.546875,161405.265625,155948.828125,161545.5
924,2,0.02503056824207306,0.027144527062773705,0.025822436437010765,0.8524066805839539,0.7326837778091431,0.7148600816726685,168677.59375,128683.546875,108459.6640625,108851.875
925,3,0.020895246416330338,0.014052293263375759,0.015813732519745827,0.8666519522666931,0.8455196022987366,0.8341576457023621,171999.75,129756.671875,115066.9765625,111105.8359375
926,2,0.026411639526486397,0.028433462604880333,0.03619182109832764,0.8710336089134216,0.7785328030586243,0.7425959706306458,174978.234375,146400.1875,106192.8046875,120786.671875
927,3,0.020655330270528793,0.010265950113534927,0.01322981994599104,0.8917381763458252,0.8944421410560608,0.86080402135849,158680.203125,124636.3203125,121788.21875,120526.9140625
928,9,0.01900346949696541,0.010531347244977951,0.012412017211318016,0.8854014277458191,0.9071966409683228,0.8748881220817566,142703.765625,112958.7734375,103383.1015625,103004.734375
929,1,0.012583427131175995,0.003969935234636068,0.00429720152169466,0.8944100737571716,0.9499461650848389,0.9390014410018921,77374.140625,51238.19921875,63112.96875,60258.62109375
930,7,0.016120417043566704,0.01347464881837368,0.014261350966989994,0.9124373197555542,0.8369979858398438,0.8314254879951477,121025.7109375,97996.3046875,66879.5078125,71981.640625
931,4,0.013813711702823639,0.009100615978240967,0.00872134417295456,0.8879483342170715,0.8987378478050232,0.8908860683441162,94276.1484375,70716.6953125,68099.3984375,64354.85546875
932,0,0.02271413244307041,0.0202765092253685,0.024387573823332787,0.8654231429100037,0.8153223991394043,0.7882738709449768,180839.734375,151442.171875,122411.1171875,132527.890625
933,3,0.021051760762929916,0.015158148482441902,0.015382431447505951,0.8669118881225586,0.8569633364677429,0.8382989168167114,166079.625,124161.6484375,107698.671875,117891.265625
934,5,0.02506895177066326,0.02925325371325016,0.03468901664018631,0.8802272081375122,0.7436066269874573,0.7120408415794373,167318.0,134993.78125,134384.65625,142568.328125
935,5,0.021200401708483696,0.014106528833508492,0.015385571867227554,0.882439136505127,0.8529978394508362,0.8328605890274048,142008.140625,112073.3046875,112782.8359375,104720.796875
936,8,0.025879310443997383,0.01891208067536354,0.01905246265232563,0.8863233327865601,0.8398544788360596,0.8337944746017456,147587.390625,131403.453125,104073.28125,111798.6328125
937,6,0.03513763099908829,0.021043840795755386,0.022767411544919014,0.8242409825325012,0.8212839365005493,0.8055762052536011,169803.734375,134007.6875,112570.4296875,111051.0
938,3,0.025364646688103676,0.023891672492027283,0.02948799915611744,0.8723756074905396,0.7462760806083679,0.6971665620803833,165780.859375,135288.5,113414.015625,112220.75
939,2,0.022785166278481483,0.022042712196707726,0.02107810229063034,0.8919247984886169,0.7851987481117249,0.790377140045166,181685.875,146718.421875,130656.46875,126022.0703125
940,6,0.021775079891085625,0.01260618306696415,0.013637698255479336,0.8996379375457764,0.8899809718132019,0.8787415623664856,157941.0,120334.0390625,134725.15625,113433.9453125
941,7,0.015581228770315647,0.005391539074480534,0.004695341922342777,0.9201885461807251,0.9358260035514832,0.9458353519439697,133390.734375,117555.3515625,124641.8046875,118542.0
942,6,0.01926928199827671,0.007660375442355871,0.008018744178116322,0.900233268737793,0.9378785490989685,0.935379147529602,158512.765625,117845.1640625,114234.8828125,114937.1328125
943,6,0.015341697260737419,0.011490443721413612,0.014779217541217804,0.9166283011436462,0.8808629512786865,0.8381117582321167,118639.46875,103591.3046875,76829.4765625,78580.6484375
944,3,0.015187956392765045,0.015401170589029789,0.0212192814797163,0.9142603278160095,0.827492356300354,0.7552735805511475,120885.0,84789.8125,77315.0234375,68470.1015625
945,2,0.036078888922929764,0.028314726427197456,0.031043214723467827,0.8410599231719971,0.7699125409126282,0.7412574291229248,172583.390625,127235.6796875,123666.875,129215.2421875
946,7,0.012374427169561386,0.009324806742370129,0.01064175833016634,0.9217471480369568,0.8803529143333435,0.8705835938453674,120255.46875,92211.5,85209.140625,85674.8984375
947,8,0.0436960905790329,0.01451204065233469,0.011760375462472439,0.8179408311843872,0.8775551319122314,0.8967428207397461,140188.75,103741.9609375,104312.328125,100371.609375
948,1,0.0077730934135615826,0.0016417460283264518,0.00169977149926126,0.9450163841247559,0.9766436219215393,0.9736372828483582,78728.28125,63082.0078125,71673.2421875,74015.921875
949,1,0.008922631852328777,0.00488191656768322,0.005265710409730673,0.9433943629264832,0.9555964469909668,0.9427793025970459,83623.671875,65400.21484375,75279.59375,75536.875
950,7,0.020563213154673576,0.009653759188950062,0.008930210955440998,0.9051046967506409,0.8945295214653015,0.8977586030960083,129843.21875,104094.9609375,91121.34375,86040.765625
951,5,0.018093591555953026,0.021632948890328407,0.025993118062615395,0.8963364362716675,0.7874405980110168,0.7197369933128357,132948.078125,108680.5625,96118.3359375,85859.5703125
952,6,0.016813555732369423,0.021914534270763397,0.023047512397170067,0.8829336762428284,0.7138044238090515,0.6610401272773743,113190.6484375,91256.734375,47690.08984375,41064.54296875
953,4,0.014431556686758995,0.0045061614364385605,0.005624118261039257,0.9260815978050232,0.9463471174240112,0.9410021901130676,122930.140625,97864.9765625,105953.1640625,100383.875
954,9,0.017910022288560867,0.006402073428034782,0.007293566130101681,0.9067838788032532,0.9555994868278503,0.9510273933410645,121206.5078125,87884.484375,90611.8359375,85325.2734375
955,5,0.02970762364566326,0.01668853871524334,0.01704556867480278,0.8717316389083862,0.8404271602630615,0.85015469789505,147174.859375,111822.2421875,121881.78125,118491.5078125
956,1,0.02182544395327568,0.018489202484488487,0.021971363574266434,0.9017183780670166,0.817298948764801,0.7769501805305481,124402.78125,100023.8359375,67616.390625,57075.78125
957,3,0.020837096497416496,0.023528218269348145,0.02747642621397972,0.870839536190033,0.7474997043609619,0.7099502086639404,161179.3125,130997.734375,94538.734375,93402.8984375
958,3,0.020886197686195374,0.013212092220783234,0.01274111494421959,0.889739990234375,0.8921829462051392,0.8735809326171875,131463.953125,105899.8984375,89719.3671875,88263.0390625
959,4,0.008615711703896523,0.019036080688238144,0.02102711610496044,0.9542630314826965,0.8049983978271484,0.7900309562683105,105024.140625,92238.40625,50140.375,47180.26953125
960,7,0.016547957435250282,0.018370481207966805,0.019394531846046448,0.9050601124763489,0.8117534518241882,0.7903921604156494,110743.1640625,93008.9375,71520.8828125,68357.3125
961,8,0.02430887147784233,0.013310636393725872,0.013987453654408455,0.8896171450614929,0.8928279280662537,0.8847339749336243,162437.640625,135700.5,126222.0703125,113728.6171875
962,9,0.01661902293562889,0.012990403920412064,0.011512848548591137,0.9205905795097351,0.8823344707489014,0.8962450623512268,134010.15625,106499.7734375,94498.09375,94992.3671875
963,1,0.004671323113143444,0.004364632070064545,0.0041573005728423595,0.9492621421813965,0.9375180602073669,0.9354672431945801,64704.58984375,51194.859375,62905.5703125,58769.171875
964,1,0.004009958356618881,0.004444026853889227,0.004348767455667257,0.9466555714607239,0.9135341644287109,0.9167577028274536,56062.1640625,57316.34765625,61407.25,62098.05859375
965,6,0.01911516673862934,0.01732960157096386,0.023645801469683647,0.8981939554214478,0.873821496963501,0.8084827065467834,168952.1875,143277.828125,121049.84375,130469.2734375
966,9,0.021416889503598213,0.012027256190776825,0.013226472772657871,0.894558310508728,0.9001381993293762,0.8961116075515747,141258.09375,108681.1484375,114052.71875,114296.8984375
967,1,0.009700596332550049,0.0033805558923631907,0.0026634058449417353,0.9224737286567688,0.9578473567962646,0.9643705487251282,83027.4375,68996.3671875,80790.8125,78248.484375
968,4,0.015431014820933342,0.011074266396462917,0.0143320607021451,0.9222393035888672,0.8694918751716614,0.8433588743209839,123764.671875,87246.75,89516.4296875,87133.3515625
969,4,0.00947799813002348,0.019085202366113663,0.02080298401415348,0.9370068907737732,0.7838045954704285,0.7395769953727722,116629.015625,107806.875,81135.0,80588.0390625
970,5,0.01607499085366726,0.012901676818728447,0.00977853313088417,0.8974128365516663,0.8354331851005554,0.8650020360946655,149386.125,113994.6640625,112246.796875,104019.0390625
971,4,0.027784492820501328,0.007638037204742432,0.013265589252114296,0.8835228085517883,0.9272506833076477,0.8781881928443909,144319.265625,116038.0625,119009.3203125,123401.578125
972,0,0.03204840049147606,0.011789186857640743,0.013943204656243324,0.8547050356864929,0.9096451997756958,0.8961177468299866,210376.890625,163907.46875,176204.0625,174014.53125
973,6,0.026876863092184067,0.018923167139291763,0.01929040066897869,0.8668054938316345,0.8663783073425293,0.8717150092124939,184452.078125,154951.28125,127847.375,113198.46875
974,2,0.026404395699501038,0.014059662818908691,0.01319155003875494,0.8711556792259216,0.8421627283096313,0.8443825840950012,177595.953125,124541.03125,131463.828125,128883.546875
975,2,0.021823303773999214,0.027030710130929947,0.03122607246041298,0.8842343688011169,0.7121233344078064,0.6603595614433289,174140.765625,131293.796875,94742.46875,90788.7734375
976,3,0.019504502415657043,0.013471245765686035,0.015768880024552345,0.8954183459281921,0.861549437046051,0.832301676273346,139213.0,103026.53125,94037.4140625,91336.5078125
977,1,0.015497296117246151,0.005601686891168356,0.006117003038525581,0.9254093170166016,0.9274767637252808,0.9187538027763367,95424.7109375,74093.1796875,78647.2421875,77415.140625
978,5,0.024357996881008148,0.016121603548526764,0.016649041324853897,0.8707642555236816,0.8330289721488953,0.8288974165916443,192303.625,141136.34375,132047.828125,128279.5078125
979,1,0.014350089244544506,0.004308279603719711,0.004743259400129318,0.9185168743133545,0.9465171694755554,0.9372337460517883,92568.8359375,70000.140625,81718.9140625,73838.921875
980,2,0.020630670711398125,0.017683545127511024,0.020483655855059624,0.8814100623130798,0.789177417755127,0.7294324040412903,140078.75,98252.984375,70661.890625,66103.484375
981,0,0.02550971880555153,0.013086673803627491,0.012615072540938854,0.8657026886940002,0.8983579874038696,0.8947721719741821,183427.625,147104.5625,156882.46875,162070.59375
982,3,0.021915197372436523,0.02204866334795952,0.02306288853287697,0.8952885866165161,0.8022450804710388,0.7905063033103943,144960.328125,114889.5703125,89890.6640625,89686.1796875
983,8,0.01652613840997219,0.008771789260208607,0.00976342149078846,0.9132271409034729,0.933264434337616,0.9078385829925537,140990.765625,116963.203125,101726.71875,97419.0
984,1,0.009319458156824112,0.0027114073745906353,0.002681972924619913,0.9150214791297913,0.9570630192756653,0.9559293985366821,68419.6875,52451.1484375,62224.15234375,57392.25
985,2,0.03211783245205879,0.016518540680408478,0.01866196282207966,0.8416344523429871,0.8360690474510193,0.8063399195671082,206190.65625,169134.359375,166074.40625,159318.453125
986,6,0.028480587527155876,0.009314395487308502,0.010823448188602924,0.8753703832626343,0.9220144748687744,0.9102700352668762,147308.21875,116607.1796875,125856.484375,114231.4453125
987,7,0.010885052382946014,0.01682131551206112,0.016892313957214355,0.9379783868789673,0.8166986703872681,0.8147670030593872,118732.53125,103787.609375,105031.6328125,96543.25
988,1,0.009139055386185646,0.0061024948954582214,0.005953299812972546,0.9248881340026855,0.8981843590736389,0.8976977467536926,69001.765625,51824.984375,52367.82421875,43904.93359375
989,6,0.020313655957579613,0.018518757075071335,0.02037578448653221,0.9003761410713196,0.8609414100646973,0.8257670998573303,161154.484375,134203.734375,95991.9765625,95681.6484375
990,2,0.02187090925872326,0.02272958680987358,0.026436109095811844,0.834279477596283,0.737163245677948,0.6957409977912903,155552.53125,118793.1640625,89211.296875,76453.578125
991,3,0.032107166945934296,0.028821026906371117,0.026980841532349586,0.8681575059890747,0.7038841247558594,0.7684179544448853,187081.21875,143965.734375,126104.015625,122637.4765625
992,9,0.019618922844529152,0.013645237311720848,0.01550136785954237,0.8930984139442444,0.8846591114997864,0.8605011701583862,146702.796875,110050.8828125,114582.875,110348.5078125
993,0,0.02138233557343483,0.011783244088292122,0.015134387649595737,0.8937059044837952,0.9103555083274841,0.8787370324134827,154628.09375,125823.8515625,145715.53125,137198.421875
994,1,0.016095248982310295,0.006812932901084423,0.005843422841280699,0.9208604097366333,0.9234861135482788,0.9260470271110535,97156.7109375,74229.1875,74119.59375,74714.1796875
995,2,0.03924253582954407,0.023051660507917404,0.02620743215084076,0.8318988084793091,0.7843714952468872,0.7657308578491211,167280.78125,135519.859375,117692.5078125,104461.3515625
996,2,0.02243347279727459,0.01766899600625038,0.01908109150826931,0.8812710046768188,0.8001940846443176,0.7497664093971252,161497.21875,124824.5703125,121473.046875,123280.5
997,0,0.04773564264178276,0.019395720213651657,0.018611764535307884,0.8062487244606018,0.8437556028366089,0.8405850529670715,204427.875,156251.421875,163864.125,163724.90625
998,8,0.04577164724469185,0.021278541535139084,0.03197063133120537,0.8190546631813049,0.802886962890625,0.7117290496826172,154366.265625,138134.328125,93583.015625,87775.046875
999,9,0.018582502380013466,0.016782930120825768,0.016620062291622162,0.9033979177474976,0.8232672214508057,0.8266651034355164,126792.6328125,92762.0390625,88370.4453125,80491.703125
