image_index,digit,mse_noisy,mse_pca,mse_qrc,ssim_noisy,ssim_pca,ssim_qrc,tenegrad_clean,tenegrad_noisy,tenegrad_pca,tenegrad_qrc
0,7,0.017032982781529427,0.006097420118749142,0.006346521899104118,0.8944255113601685,0.9253557920455933,0.9115573763847351,126975.1796875,94928.015625,102538.8984375,103076.21875
1,2,0.027846472337841988,0.021917369216680527,0.027834394946694374,0.8761259317398071,0.7791004180908203,0.7488309741020203,177937.359375,128663.8359375,122468.1796875,117284.484375
2,1,0.009380307048559189,0.0026563876308500767,0.00306549365632236,0.9369807839393616,0.9583738446235657,0.9454982280731201,73128.34375,57010.55078125,65059.703125,65757.5625
3,0,0.03285776451230049,0.01104560773819685,0.012815538793802261,0.8681421875953674,0.9196758270263672,0.9093984365463257,169382.484375,126233.265625,144961.890625,143124.5
4,4,0.0199454165995121,0.011058034375309944,0.010053583420813084,0.8847144842147827,0.8575473427772522,0.8526318669319153,133538.625,110211.40625,105380.6640625,102858.28125
5,1,0.014924990944564342,0.0023245865013450384,0.0023019497748464346,0.9211509823799133,0.9666324257850647,0.9670804142951965,87652.9140625,66639.3125,76546.7890625,78372.2734375
6,4,0.015611105598509312,0.014521771110594273,0.014710487797856331,0.904114842414856,0.7653051614761353,0.7821264266967773,137031.03125,115049.0,90894.9140625,76169.140625
7,9,0.013316146098077297,0.027116866782307625,0.027209347113966942,0.9216352105140686,0.7325125336647034,0.7222229242324829,119249.8515625,98218.5859375,51460.84765625,59534.2890625
8,5,0.024975396692752838,0.03272560238838196,0.039845358580350876,0.8618711829185486,0.7092433571815491,0.6564944982528687,156285.203125,116421.34375,100590.484375,85621.78125
9,9,0.02833874337375164,0.015037850476801395,0.014919684268534184,0.8756768703460693,0.8685793280601501,0.8509870171546936,154795.609375,127320.6484375,114022.8359375,99164.609375
10,0,0.027524927631020546,0.006911342032253742,0.00814181100577116,0.8618350028991699,0.9420055150985718,0.9238325357437134,197359.671875,150071.75,164567.53125,159233.359375
11,6,0.019897961989045143,0.0195767879486084,0.022515783086419106,0.899588406085968,0.8032475709915161,0.8025212287902832,185260.859375,155570.828125,115802.96875,96499.1953125
12,9,0.018463151529431343,0.008073617704212666,0.007868576794862747,0.9128682613372803,0.9246503114700317,0.9208616614341736,140917.34375,106850.640625,115941.3671875,112460.5859375
13,0,0.022967012599110603,0.007654018234461546,0.008692135103046894,0.8845272064208984,0.9355292320251465,0.9325015544891357,176528.765625,140184.859375,149421.9375,146170.453125
14,1,0.014027727767825127,0.006949039176106453,0.007060653064399958,0.9392860531806946,0.9264041185379028,0.9234569072723389,99653.9140625,75967.3125,83027.546875,76451.046875
15,5,0.018277820199728012,0.031664591282606125,0.027918510138988495,0.8726478815078735,0.6724795699119568,0.6982800364494324,157813.3125,124746.078125,90264.21875,96881.90625
16,9,0.01692662388086319,0.01067642867565155,0.010462618432939053,0.9122083187103271,0.9094709753990173,0.8937309980392456,154459.28125,130539.8203125,121483.5703125,118374.34375
17,7,0.015872448682785034,0.010654444806277752,0.00915786437690258,0.918793797492981,0.8822438716888428,0.8984194397926331,143594.65625,113416.7734375,113856.265625,111554.546875
18,3,0.028979837894439697,0.03750777989625931,0.03680988773703575,0.8715137243270874,0.7166174054145813,0.7331491708755493,203664.609375,158722.890625,112380.484375,113224.9140625
19,4,0.017259111627936363,0.007295731920748949,0.008472317829728127,0.8899140357971191,0.9157402515411377,0.8974561095237732,109912.875,79194.34375,84540.375,75197.0625
20,9,0.024532146751880646,0.010067959316074848,0.011296892538666725,0.8797650933265686,0.8967450261116028,0.888602077960968,124325.6484375,98156.203125,105946.765625,102126.75
21,6,0.021654609590768814,0.006159138400107622,0.0073205651715397835,0.8822491765022278,0.9421797394752502,0.9234413504600525,143428.671875,105138.875,98014.703125,101546.8984375
22,6,0.015539000742137432,0.021248793229460716,0.023536672815680504,0.9157105684280396,0.786517858505249,0.739404022693634,154145.15625,133420.921875,77091.1796875,88104.484375
23,5,0.018108149990439415,0.016355402767658234,0.016582826152443886,0.8891586065292358,0.8156258463859558,0.7961573600769043,145511.6875,108123.8515625,94507.75,79371.9140625
24,4,0.010345416143536568,0.012245900928974152,0.012315964326262474,0.9086806178092957,0.828870952129364,0.812203049659729,87058.5078125,61787.71875,58142.9921875,51824.625
25,0,0.048237185925245285,0.025513727217912674,0.024162257090210915,0.819497287273407,0.7984001040458679,0.8322221040725708,189828.8125,158522.453125,136293.890625,140349.828125
26,7,0.014161285012960434,0.011633570306003094,0.013729973696172237,0.9041361808776855,0.8639972805976868,0.8412757515907288,110531.6953125,81089.546875,88012.53125,83256.2890625
27,4,0.018894923850893974,0.007830314338207245,0.009216775186359882,0.8996261358261108,0.9194779396057129,0.8983868956565857,143763.46875,119302.6640625,107796.4453125,109735.9765625
28,0,0.034156907349824905,0.016911135986447334,0.01442926935851574,0.847871720790863,0.8632377982139587,0.882233738899231,179723.625,126497.0,143279.015625,134703.4375
29,1,0.012510190717875957,0.006797644309699535,0.007708373013883829,0.9286186099052429,0.9174312353134155,0.8969691395759583,87350.875,66864.4453125,69259.2265625,70857.8984375
30,3,0.023808497935533524,0.009690895676612854,0.007979379035532475,0.8885177969932556,0.9116761088371277,0.922793447971344,140953.59375,112897.0859375,99395.234375,100357.3984375
31,1,0.00945942010730505,0.004165110643953085,0.0045389761216938496,0.9403761029243469,0.9420586228370667,0.9355936646461487,82042.09375,55828.28125,54386.8046875,58666.58984375
32,3,0.017585856840014458,0.011754975654184818,0.012187370099127293,0.9030472636222839,0.8704348802566528,0.8382907509803772,157415.234375,120829.8359375,127330.4140625,116558.0625
33,4,0.02363973669707775,0.019035207107663155,0.026562517508864403,0.8594212532043457,0.7813223600387573,0.7115113735198975,159275.5,124298.3828125,94114.6484375,87756.734375
34,7,0.03238082304596901,0.014135641045868397,0.012426628731191158,0.8392395973205566,0.8422888517379761,0.8462151885032654,143399.765625,96209.1015625,102373.140625,98142.828125
35,2,0.023876620456576347,0.020023833960294724,0.02202831394970417,0.8584004640579224,0.771868109703064,0.724524974822998,182858.96875,138478.71875,126291.9375,116534.0625
36,7,0.018225669860839844,0.02119498886168003,0.024098875001072884,0.8898517489433289,0.7870087623596191,0.7578949928283691,148117.625,108622.984375,106594.8359375,100075.796875
37,1,0.014872155152261257,0.002766367280855775,0.0026193999219685793,0.9121557474136353,0.9718425273895264,0.9684786200523376,89544.9609375,65490.71484375,69756.328125,73527.796875
38,2,0.014998125843703747,0.016619442030787468,0.019091835245490074,0.9154236912727356,0.7634822726249695,0.7333375215530396,127525.5859375,101026.7421875,77828.4453125,67440.9609375
39,1,0.015592874027788639,0.0032758587040007114,0.004131356719881296,0.9309908747673035,0.9626312255859375,0.9503645300865173,90757.6015625,74803.6171875,77833.75,72525.2265625
40,1,0.0028413417749106884,0.004470020532608032,0.004483232740312815,0.973074734210968,0.9162482023239136,0.9121540188789368,56157.2421875,47168.67578125,43235.140625,44028.23828125
41,7,0.01114552840590477,0.01776093989610672,0.01664522849023342,0.9216947555541992,0.8122004270553589,0.808473527431488,111755.328125,89823.9140625,91903.9296875,80898.4453125
42,4,0.020166173577308655,0.0075841546058654785,0.011643561534583569,0.9069445729255676,0.9364317059516907,0.8892512321472168,135246.671875,105795.1171875,111183.609375,101731.75
43,2,0.01781482622027397,0.02627522125840187,0.027469687163829803,0.8745858073234558,0.6494998335838318,0.5371150970458984,109049.140625,70363.5625,34352.71875,31654.357421875
44,3,0.020418528467416763,0.015141189098358154,0.013937167823314667,0.8782861232757568,0.8396591544151306,0.840172290802002,114240.3203125,84526.484375,69984.2109375,71535.6484375
45,5,0.02080249786376953,0.013017632067203522,0.012194390408694744,0.8706402778625488,0.8594412207603455,0.8590642213821411,136336.671875,113736.734375,89447.671875,98234.7109375
46,1,0.010858751833438873,0.007787973154336214,0.0065734125673770905,0.9411973357200623,0.8895350098609924,0.8977298140525818,93698.8984375,72858.1953125,67991.234375,63825.515625
47,2,0.014423958957195282,0.020296618342399597,0.020045218989253044,0.9020071625709534,0.7171034216880798,0.7309828400611877,108743.953125,83442.0,52266.6640625,49049.08203125
48,4,0.030031319707632065,0.015452178195118904,0.011662762612104416,0.8620515465736389,0.8567588925361633,0.8753553032875061,147831.96875,117578.0,126087.609375,119699.8515625
49,4,0.020468778908252716,0.013029356487095356,0.014017642475664616,0.8769957423210144,0.8420120477676392,0.8374124765396118,155381.5625,113685.2109375,108249.6171875,108491.2421875
50,6,0.01872122846543789,0.006388879381120205,0.0064799590036273,0.9067264199256897,0.9509484171867371,0.9357079863548279,131426.71875,98522.875,105932.3046875,106686.25
51,3,0.02798076532781124,0.018365969881415367,0.020113710314035416,0.8912457823753357,0.8223694562911987,0.8025736808776855,198360.859375,168449.796875,134987.140625,116229.3046875
52,5,0.017380185425281525,0.02463581971824169,0.023628273978829384,0.908840537071228,0.7462220191955566,0.772567868232727,158100.5625,133711.890625,98867.75,112305.2734375
53,5,0.013043960556387901,0.02043183706700802,0.01889609545469284,0.8919100165367126,0.7590876817703247,0.7552182674407959,119250.9765625,100630.796875,77342.546875,83299.5
54,6,0.024835674092173576,0.038179587572813034,0.03807389736175537,0.8921178579330444,0.7078450918197632,0.7173404097557068,209574.734375,170494.421875,123821.078125,128075.0390625
55,0,0.024103088304400444,0.007579612545669079,0.008957868441939354,0.8771179914474487,0.9579995274543762,0.9386258721351624,176052.609375,130124.6328125,137577.90625,127709.015625
56,4,0.02641747146844864,0.012652951292693615,0.016920069232583046,0.8657740354537964,0.8560175895690918,0.8181474208831787,155207.8125,125599.0390625,109911.1953125,99918.609375
57,1,0.0055950963869690895,0.0035676881670951843,0.004200748633593321,0.9622090458869934,0.9450792670249939,0.9350444674491882,79528.4375,66893.796875,68161.9921875,68286.296875
58,9,0.017731063067913055,0.007914775982499123,0.011073693633079529,0.9160130620002747,0.9270903468132019,0.8799426555633545,158571.015625,126735.7109375,129852.3515625,132563.359375
59,5,0.0070024277083575726,0.010095286183059216,0.011689454317092896,0.9404032230377197,0.8594170808792114,0.8307851552963257,86010.34375,76293.609375,58886.83984375,55630.21484375
60,7,0.024568533524870872,0.014465144835412502,0.015834342688322067,0.8787056803703308,0.855968713760376,0.8395178318023682,145963.0625,100023.734375,100812.53125,98570.84375
61,8,0.02661432884633541,0.026654919609427452,0.025262612849473953,0.8742390871047974,0.7880858182907104,0.7715165019035339,173445.796875,139049.0,100215.203125,84621.328125
62,9,0.011941497214138508,0.015814993530511856,0.017680779099464417,0.9115122556686401,0.8315207362174988,0.8089969754219055,96051.7734375,76847.28125,55796.58984375,51143.1328125
63,3,0.02490079030394554,0.026638833805918694,0.02960214763879776,0.8644552230834961,0.7413930892944336,0.7359825968742371,142795.5,106166.7421875,89063.4453125,95263.015625
64,7,0.021558215841650963,0.02095593884587288,0.018320417031645775,0.9055590033531189,0.773840606212616,0.7847298979759216,181140.625,148891.140625,118854.4453125,115117.0078125
65,4,0.008708903566002846,0.012262670323252678,0.011297638528048992,0.9475904107093811,0.8630183935165405,0.8822174668312073,92134.4296875,82401.328125,65574.28125,69711.9609375
66,6,0.021210208535194397,0.033299725502729416,0.026319963857531548,0.8770918250083923,0.6759006381034851,0.727245569229126,160463.484375,127073.40625,69807.0625,82332.2421875
67,4,0.012931355275213718,0.018529528751969337,0.018147114664316177,0.9292363524436951,0.7855780124664307,0.7649127840995789,134991.421875,119095.46875,120723.1640625,109832.34375
68,3,0.04022129997611046,0.014469616115093231,0.016569677740335464,0.8321112394332886,0.8811215758323669,0.8617510199546814,157729.8125,110988.3828125,111419.796875,113432.6640625
69,0,0.022702496498823166,0.012143842875957489,0.01385184470564127,0.8810197114944458,0.9005733728408813,0.8863863348960876,194223.8125,156299.53125,158185.5625,149534.390625
70,7,0.02197960577905178,0.01625940017402172,0.014257337898015976,0.8859408497810364,0.8531177043914795,0.8612602949142456,154080.5625,109949.78125,91460.46875,89963.046875
71,0,0.040173377841711044,0.013626465573906898,0.012356981635093689,0.8249070644378662,0.8835413455963135,0.9013042449951172,203092.078125,155927.40625,175037.625,174161.796875
72,2,0.022384565323591232,0.03376735746860504,0.033770423382520676,0.8742851614952087,0.679737389087677,0.683174192905426,179779.0625,135584.0625,99454.3671875,98914.046875
73,9,0.02899620682001114,0.009853808209300041,0.00944990012794733,0.8745277523994446,0.9181233644485474,0.9319314360618591,129313.546875,101896.375,92061.0,88704.875
74,1,0.013644753023982048,0.002569842617958784,0.004498776979744434,0.9292282462120056,0.9699334502220154,0.9482437968254089,87682.8125,61006.85546875,72515.640625,72066.234375
75,7,0.0248262882232666,0.020946534350514412,0.02120046131312847,0.8656594157218933,0.7625603079795837,0.767736554145813,144037.546875,88472.8828125,72883.765625,69687.609375
76,3,0.018801433965563774,0.0191571656614542,0.016492046415805817,0.8757527470588684,0.7944493293762207,0.8184504508972168,125835.5859375,87787.734375,87634.875,76174.6796875
77,2,0.014938543550670147,0.025398937985301018,0.02432229556143284,0.8962797522544861,0.7138277888298035,0.7159856557846069,128854.9765625,117806.0703125,94045.078125,81446.1328125
78,9,0.02344103716313839,0.0156390517950058,0.016629712656140327,0.8578107953071594,0.8584661483764648,0.8443709015846252,115098.34375,74372.9296875,62126.68359375,58035.84765625
79,7,0.0335271917283535,0.011861520819365978,0.01391668152064085,0.8404871225357056,0.8748920559883118,0.8546620607376099,148910.9375,109799.1640625,124028.6484375,119276.0
80,7,0.020904209464788437,0.011291186325252056,0.013310587964951992,0.9015772342681885,0.8909233808517456,0.8833417296409607,136033.140625,83893.578125,82397.0703125,72813.09375
81,6,0.016967177391052246,0.011169802397489548,0.01343636866658926,0.9098790287971497,0.9146321415901184,0.8882739543914795,149601.484375,121659.53125,121488.484375,126965.796875
82,2,0.027159851044416428,0.013482531532645226,0.015340380370616913,0.8727331161499023,0.8418560028076172,0.8390958905220032,169824.0,127952.3515625,125718.4296875,118266.9296875
83,7,0.015354613773524761,0.008996302261948586,0.009616474620997906,0.907936692237854,0.888805627822876,0.8792295455932617,126088.8828125,92000.5625,95377.78125,93003.1015625
84,8,0.02677943743765354,0.029016172513365746,0.03629327565431595,0.872192919254303,0.7284735441207886,0.6641230583190918,173472.609375,129701.28125,72749.25,87124.1796875
85,4,0.03063352406024933,0.013992867432534695,0.016921380534768105,0.8572582006454468,0.85332190990448,0.8394811153411865,146120.078125,131988.21875,114831.3125,114527.8984375
86,7,0.020766904577612877,0.007600532379001379,0.008942498825490475,0.8913823366165161,0.9114058017730713,0.9070829749107361,119442.078125,102464.6015625,110922.96875,108520.4765625
87,3,0.023035548627376556,0.029424544423818588,0.03329453617334366,0.8883713483810425,0.742129385471344,0.6916614174842834,158021.828125,131104.390625,89221.796875,89063.7734375
88,6,0.021597137674689293,0.015238545835018158,0.01330554485321045,0.8933603763580322,0.881572961807251,0.8853363990783691,163051.609375,134340.484375,131054.3828125,123701.2421875
89,1,0.009456745348870754,0.007754185236990452,0.007095754146575928,0.9311303496360779,0.9212145209312439,0.9236427545547485,90168.828125,77840.734375,84892.7421875,81229.6484375
90,3,0.0240834578871727,0.011222743429243565,0.01215614564716816,0.8682066202163696,0.8664661049842834,0.8597718477249146,166744.296875,118046.0,119692.8359375,119305.1796875
91,6,0.024662790820002556,0.008398216217756271,0.009043312631547451,0.8629028797149658,0.931196391582489,0.9208430051803589,133802.046875,94891.765625,97093.1640625,93196.21875
92,9,0.010394152253866196,0.011596365831792355,0.012111641466617584,0.9196126461029053,0.870552122592926,0.8515361547470093,90775.546875,79928.78125,71150.9921875,65700.3515625
93,3,0.034627582877874374,0.0067853559739887714,0.008838881738483906,0.8328055143356323,0.9374436736106873,0.9150254726409912,133499.125,102856.9140625,109354.3046875,105181.9765625
94,1,0.02297787554562092,0.006088096182793379,0.007704051211476326,0.9004807472229004,0.936586320400238,0.9332596063613892,100726.1015625,83699.0234375,78734.765625,79272.3515625
95,4,0.03967893868684769,0.029365461319684982,0.028819890692830086,0.8322730660438538,0.7627387642860413,0.7241368293762207,154432.328125,121608.53125,95205.5703125,95357.8515625
96,1,0.015462794341146946,0.007953017950057983,0.008314846083521843,0.8778214454650879,0.9021093845367432,0.882422149181366,80242.3828125,47985.75390625,38824.48828125,40833.35546875
97,7,0.032766882330179214,0.021534934639930725,0.025354554876685143,0.8468132615089417,0.766615092754364,0.7422210574150085,150054.828125,110626.46875,88412.1171875,81063.3984375
98,6,0.016661042347550392,0.02201569266617298,0.021317588165402412,0.9128578901290894,0.8132347464561462,0.80406254529953,151091.21875,135440.953125,97685.2109375,108560.734375
99,9,0.023822039365768433,0.007718249224126339,0.008286844938993454,0.8914792537689209,0.9323186874389648,0.9202843904495239,163119.75,132064.359375,127234.375,132990.828125
100,6,0.014474794268608093,0.0223747119307518,0.02121145837008953,0.8942455053329468,0.7580021023750305,0.7656069397926331,118817.5078125,99213.1796875,59315.79296875,67890.5625
101,0,0.02291889488697052,0.010540816001594067,0.010550917126238346,0.8774704933166504,0.90534907579422,0.9060595631599426,172193.34375,129327.4140625,137067.5625,131312.59375
102,5,0.02295946702361107,0.017490752041339874,0.021411778405308723,0.8730555176734924,0.8389626145362854,0.7881848216056824,175871.59375,134651.203125,122804.015625,118135.1796875
103,4,0.02447240613400936,0.013430374674499035,0.014501504600048065,0.8795278072357178,0.8374646902084351,0.8007802963256836,156066.625,116265.8359375,108623.75,97709.1015625
104,9,0.021318674087524414,0.01396172121167183,0.0191635861992836,0.8841420412063599,0.8460686206817627,0.7701116800308228,150711.109375,107360.2421875,77354.234375,69326.8359375
105,9,0.020650846883654594,0.010810818523168564,0.009332560934126377,0.8857609033584595,0.8856800198554993,0.9047133326530457,143358.0,99441.796875,99338.546875,99802.4609375
106,2,0.026674536988139153,0.022831128910183907,0.02660844661295414,0.8557156920433044,0.7766363620758057,0.7274768948554993,178332.546875,132323.609375,96878.2734375,100248.5390625
107,1,0.012774932198226452,0.005691880825906992,0.005367716774344444,0.9273946285247803,0.9194469451904297,0.9221435785293579,85091.328125,64880.57421875,72246.046875,69280.8828125
108,9,0.01932174526154995,0.008586840704083443,0.010202719829976559,0.9085500240325928,0.9249304533004761,0.91168212890625,132546.890625,110230.609375,107438.5390625,100479.046875
109,4,0.022375475615262985,0.01714896969497204,0.02001478150486946,0.8889919519424438,0.7945022583007812,0.7562674283981323,145992.484375,100777.609375,88140.1640625,94474.0390625
110,8,0.029776742681860924,0.011302650906145573,0.012163584120571613,0.8752720952033997,0.9173383712768555,0.9081060886383057,164407.296875,117312.8984375,116681.0859375,114077.6640625
111,7,0.017727285623550415,0.005628417711704969,0.00520027382299304,0.9008342027664185,0.9312706589698792,0.9344687461853027,103591.0390625,73021.546875,82164.015625,79511.8671875
112,3,0.017036592587828636,0.008144503459334373,0.01008444745093584,0.9145011901855469,0.9178849458694458,0.9023175835609436,118530.3046875,95993.59375,86929.7734375,87201.9140625
113,9,0.015329686924815178,0.011219890788197517,0.008226459845900536,0.9212157130241394,0.9098538756370544,0.9316572546958923,143498.734375,122563.5625,121972.34375,121244.96875
114,7,0.013575323857367039,0.011563770473003387,0.011982446536421776,0.9182248711585999,0.8658607602119446,0.8544813990592957,109341.6328125,82414.1796875,77214.90625,65531.46484375
115,4,0.013317513279616833,0.007212637457996607,0.008520557545125484,0.9287923574447632,0.9334341287612915,0.891207218170166,117218.5078125,88661.203125,85163.1171875,72882.328125
116,4,0.012001301161944866,0.005857402458786964,0.005626806057989597,0.9199115633964539,0.9219914674758911,0.9134080410003662,102955.78125,82615.578125,71841.9765625,73560.546875
117,4,0.025653274729847908,0.016446562483906746,0.018363991752266884,0.8719574213027954,0.7947270274162292,0.7690941691398621,141573.53125,100333.9375,94733.9375,90327.484375
118,9,0.013775406405329704,0.005625943653285503,0.006703866180032492,0.907443106174469,0.9340649843215942,0.9340473413467407,115360.6640625,97189.5703125,105077.984375,95720.984375
119,2,0.026261400431394577,0.01673012226819992,0.022121423855423927,0.8760228157043457,0.845503032207489,0.771820068359375,159671.21875,120190.6484375,121478.875,107220.796875
120,5,0.03206012398004532,0.018546612933278084,0.02369803935289383,0.860878050327301,0.8117114305496216,0.7499563694000244,182425.015625,144015.09375,143560.609375,143988.65625
121,4,0.020074648782610893,0.009754722006618977,0.013469205237925053,0.8908310532569885,0.869921088218689,0.7963159084320068,128552.3671875,96068.171875,83733.0078125,74409.9140625
122,7,0.010445555672049522,0.01045752502977848,0.010441531427204609,0.9345574975013733,0.843629777431488,0.8373931646347046,100523.015625,79743.7421875,69380.7265625,68985.5
123,6,0.02274528704583645,0.020165475085377693,0.02374439686536789,0.8802921175956726,0.8509148359298706,0.8350502848625183,162354.75,135908.4375,110012.953125,106674.1171875
124,7,0.020361287519335747,0.02609587088227272,0.02497703582048416,0.870095431804657,0.7541725039482117,0.7517989873886108,138674.03125,115106.796875,92130.6953125,93605.171875
125,9,0.01882847212255001,0.017063209787011147,0.015874799340963364,0.8855171799659729,0.8138181567192078,0.8208791017532349,125823.140625,98226.3046875,84259.390625,87185.53125
126,0,0.02111373282968998,0.018299181014299393,0.020993085578083992,0.8772973418235779,0.8115698099136353,0.7848660349845886,186244.6875,140252.734375,119373.8125,112799.4296875
127,5,0.025727717205882072,0.015598504804074764,0.014940746128559113,0.8738829493522644,0.8042258024215698,0.8036718368530273,159210.65625,119586.796875,119546.234375,125804.7734375
128,8,0.03836457058787346,0.013878812082111835,0.016461296007037163,0.8458424806594849,0.884364128112793,0.8349950313568115,184020.8125,140292.703125,142587.421875,146795.609375
129,5,0.023007694631814957,0.011093749664723873,0.013058258220553398,0.8547646403312683,0.8842393159866333,0.8499103784561157,149831.59375,98566.078125,100538.5078125,97569.6171875
130,6,0.03386372700333595,0.015522083267569542,0.014553763903677464,0.8573241829872131,0.853722870349884,0.8477213382720947,145540.203125,112386.671875,120055.2109375,114788.28125
131,6,0.03132525458931923,0.011728115379810333,0.011379837989807129,0.8679456114768982,0.8918238282203674,0.8928688168525696,160637.921875,135992.6875,134799.71875,132663.921875
132,5,0.03495841473340988,0.019619690254330635,0.01817505992949009,0.8286257386207581,0.8060773611068726,0.8023260235786438,180618.328125,140871.984375,131893.03125,120233.4453125
133,7,0.0312133077532053,0.021081889048218727,0.02527640201151371,0.8625596165657043,0.7340483069419861,0.7406978011131287,153679.671875,114414.4296875,105010.296875,110326.4765625
134,8,0.028571490198373795,0.017203956842422485,0.01865158975124359,0.8679995536804199,0.8528837561607361,0.846291184425354,171251.34375,125013.3515625,117960.3046875,123557.53125
135,1,0.018025686964392662,0.002974205184727907,0.003118143416941166,0.8995850086212158,0.964845597743988,0.9648786783218384,95276.8515625,62058.640625,79567.9609375,78082.265625
136,0,0.02656175196170807,0.006550197023898363,0.00649983761832118,0.8521360754966736,0.9499776363372803,0.9518309235572815,173279.53125,116463.8203125,129647.8515625,123936.265625
137,1,0.019188856706023216,0.003489802358672023,0.004126113373786211,0.9077021479606628,0.9639366269111633,0.9545848965644836,95389.9609375,68449.9453125,82902.109375,78668.3671875
138,6,0.02975633554160595,0.015533758327364922,0.0172951091080904,0.8577601909637451,0.8767009973526001,0.8712701201438904,173809.546875,120780.9375,113087.3203125,102867.8046875
139,4,0.017627350986003876,0.009452803991734982,0.01070913951843977,0.9098356366157532,0.8917266726493835,0.8376684188842773,143203.34375,118407.484375,111489.7109375,106187.4375
140,6,0.013527303002774715,0.01165363471955061,0.013610892929136753,0.9117265343666077,0.8998887538909912,0.8808078169822693,106301.375,85993.4453125,66467.265625,65187.96484375
141,7,0.011938521638512611,0.017035717144608498,0.018418414518237114,0.9353949427604675,0.8356732726097107,0.8180707693099976,130466.3359375,118847.8671875,102605.6953125,105561.40625
142,3,0.014128190465271473,0.023178068920969963,0.02187507413327694,0.9198151230812073,0.7289998531341553,0.7456753849983215,159539.34375,139757.796875,123744.109375,109862.671875
143,1,0.008567720651626587,0.004132257308810949,0.0035353132989257574,0.9497872591018677,0.9532327055931091,0.9625794887542725,82778.765625,70945.6484375,79713.3359375,75896.84375
144,7,0.022095611318945885,0.017012327909469604,0.017413154244422913,0.8930670022964478,0.8329287767410278,0.8246243596076965,145344.46875,106363.296875,94517.46875,90521.40625
145,1,0.00819653645157814,0.004961362574249506,0.005907316692173481,0.9500559568405151,0.9334967136383057,0.924555242061615,85415.0703125,73222.8046875,74344.328125,75717.515625
146,8,0.028355009853839874,0.018584078177809715,0.018772507086396217,0.8785812258720398,0.8286380171775818,0.8262417912483215,174473.890625,131590.28125,109091.734375,119297.3359375
147,2,0.03217034414410591,0.018607977777719498,0.01770968735218048,0.8407687544822693,0.8334736824035645,0.8481809496879578,190070.9375,147718.984375,134999.703125,129978.1328125
148,0,0.024188557639718056,0.004250636324286461,0.00536023685708642,0.8736335635185242,0.9654374122619629,0.9510331153869629,159160.640625,124596.4140625,132891.421875,130698.6328125
149,2,0.009507644921541214,0.03731727600097656,0.03661694377660751,0.9349790215492249,0.5858307480812073,0.493421733379364,110681.234375,100220.609375,38981.48046875,33115.64453125
150,9,0.022810760885477066,0.008308297023177147,0.011211653240025043,0.879250168800354,0.9225552678108215,0.8954455852508545,147003.890625,110828.5390625,113255.84375,119646.078125
151,9,0.02734966203570366,0.03641238063573837,0.037203896790742874,0.8714409470558167,0.7447442412376404,0.6840842962265015,189285.65625,151245.484375,126039.78125,98630.0625
152,5,0.01736917346715927,0.02215387299656868,0.023610496893525124,0.8941084742546082,0.7911236882209778,0.7450979948043823,144202.890625,106739.3046875,83784.546875,69683.1640625
153,5,0.016102081164717674,0.022276021540164948,0.02112656645476818,0.9084151983261108,0.7616276741027832,0.7562050223350525,137760.0,109964.9375,78464.6796875,65493.484375
154,1,0.006618677172809839,0.003580007003620267,0.00432564876973629,0.9500550031661987,0.9468615651130676,0.9367048144340515,78343.9453125,67448.4296875,69687.484375,68037.8828125
155,5,0.029253341257572174,0.015421438030898571,0.014039239846169949,0.838702917098999,0.8567478060722351,0.8728289008140564,158779.65625,118032.7421875,122400.53125,133092.484375
156,6,0.021177561953663826,0.02071928232908249,0.024316273629665375,0.8841458559036255,0.7971580624580383,0.758594274520874,143386.546875,99707.703125,65238.3671875,64542.01953125
157,0,0.019447211176156998,0.010184266604483128,0.010356644168496132,0.8956612944602966,0.9013636112213135,0.8991270065307617,162224.03125,124241.9296875,124514.875,126281.578125
158,3,0.021591870114207268,0.024211576208472252,0.022562982514500618,0.8920783996582031,0.7455803751945496,0.7461250424385071,146517.5625,118633.8984375,85998.265625,85832.8046875
159,4,0.009747368283569813,0.012237737886607647,0.013819925487041473,0.932806134223938,0.8861667513847351,0.8428863286972046,99910.84375,91966.828125,70160.1328125,66604.25
160,4,0.023306719958782196,0.02117595076560974,0.023617196828126907,0.8947879076004028,0.7902390360832214,0.7833400368690491,140383.5,105024.1171875,90271.3671875,80526.9375
161,6,0.019589979201555252,0.014269721694290638,0.01639748364686966,0.8937116265296936,0.8698809742927551,0.8544560670852661,160551.875,129114.8984375,132969.59375,126994.8671875
162,5,0.03121846914291382,0.01146659255027771,0.011129756458103657,0.860249400138855,0.8805143237113953,0.9005976915359497,183979.015625,139090.921875,140571.796875,142681.6875
163,4,0.02502656914293766,0.01429688185453415,0.015497657470405102,0.8954960107803345,0.8523107767105103,0.8361573219299316,154854.21875,125900.046875,114912.3046875,110620.25
164,6,0.027334420010447502,0.028607657179236412,0.02740870788693428,0.8713573217391968,0.7125208973884583,0.7229562997817993,143902.3125,91236.609375,49151.72265625,51971.91796875
165,5,0.022684626281261444,0.011772772297263145,0.013997204601764679,0.8835206031799316,0.8977961540222168,0.8767858743667603,189119.015625,148766.03125,153320.0,141512.828125
166,4,0.017861301079392433,0.016386978328227997,0.017587922513484955,0.8845041990280151,0.8233779668807983,0.8078015446662903,145038.9375,115004.296875,95565.3125,98075.5625
167,5,0.017208989709615707,0.027146581560373306,0.026072924956679344,0.9022794365882874,0.7487732172012329,0.7438513040542603,124638.6484375,108622.8359375,76605.546875,79518.96875
168,1,0.010923518799245358,0.002922705141827464,0.0024050716310739517,0.9343163967132568,0.9704113006591797,0.9723193645477295,88159.734375,63660.08203125,77745.4140625,80315.7890625
169,4,0.012761374935507774,0.010300111025571823,0.011692262254655361,0.9291135668754578,0.8939341306686401,0.8640142679214478,124224.3671875,101964.9140625,103555.6953125,90367.5078125
170,4,0.011493814177811146,0.008159738965332508,0.007370313163846731,0.9360176920890808,0.8993457555770874,0.9144498705863953,116567.25,100218.3515625,96273.2109375,83342.6640625
171,7,0.028624122962355614,0.01458998117595911,0.012667601928114891,0.8893896341323853,0.8421666622161865,0.8459206223487854,126082.1796875,102888.984375,96429.0625,89495.8359375
172,2,0.03228065371513367,0.03163497895002365,0.03149961307644844,0.823772668838501,0.6901833415031433,0.6893340945243835,202399.21875,140674.359375,116826.671875,110627.2421875
173,3,0.01868448406457901,0.023779168725013733,0.02612026408314705,0.8641864657402039,0.7470154762268066,0.7163436412811279,135155.890625,103688.0859375,76663.875,62243.921875
174,2,0.018612073734402657,0.02179095335304737,0.024184230715036392,0.8956159949302673,0.7793075442314148,0.7530813217163086,144710.484375,113765.4296875,88703.8515625,76225.4609375
175,7,0.004758893046528101,0.006499129813164473,0.007007666863501072,0.9467019438743591,0.9135856628417969,0.9075806736946106,56231.65234375,57688.765625,54318.40234375,51818.9375
176,1,0.005035053938627243,0.0032636078540235758,0.0027778143994510174,0.9511673450469971,0.9467517733573914,0.9507416486740112,55842.6875,49986.40625,53702.82421875,51396.44140625
177,8,0.01793135702610016,0.01427421998232603,0.016275301575660706,0.9188819527626038,0.8938199877738953,0.8635621070861816,167629.421875,133881.828125,119067.40625,111954.875
178,1,0.013528048992156982,0.001320002949796617,0.0020679482258856297,0.9174301624298096,0.9841578006744385,0.9727326035499573,89083.140625,55199.8671875,75620.671875,71838.515625
179,8,0.03023846633732319,0.015553312376141548,0.019013047218322754,0.8695269227027893,0.8628621101379395,0.8438274264335632,171340.453125,131471.84375,119705.4296875,115413.96875
180,1,0.009867093525826931,0.002610554452985525,0.002898524748161435,0.9492989778518677,0.9678863286972046,0.9628793001174927,87382.9375,63570.203125,75998.34375,75181.59375
181,8,0.02557954005897045,0.013428381644189358,0.015180978924036026,0.8794092535972595,0.8893066644668579,0.8750356435775757,169148.578125,130688.71875,122442.1640625,116427.1796875
182,5,0.015248741023242474,0.009991872124373913,0.010131278075277805,0.9142723679542542,0.8855025172233582,0.8681934475898743,118610.296875,92085.5625,77095.71875,71192.4453125
183,0,0.03807515278458595,0.012974709272384644,0.017423352226614952,0.8387051820755005,0.911041796207428,0.8662731051445007,225654.765625,163222.21875,176320.5625,166605.703125
184,8,0.0289737731218338,0.014386809431016445,0.01488768495619297,0.8388506770133972,0.8682851791381836,0.8429762721061707,144477.421875,113744.3203125,102093.265625,96227.25
185,9,0.02084694616496563,0.01649676077067852,0.016552377492189407,0.8729788661003113,0.8229802846908569,0.8321604132652283,138518.453125,93676.2734375,87660.703125,85199.9296875
186,2,0.03023529425263405,0.013992405496537685,0.02108362689614296,0.8612510561943054,0.840078592300415,0.7761538624763489,166069.890625,134202.1875,147838.65625,128022.609375
187,5,0.02575240097939968,0.01984860561788082,0.024377265945076942,0.8680139183998108,0.8185532689094543,0.7787272930145264,184597.0625,130014.0546875,105240.6640625,98621.015625
188,0,0.033498894423246384,0.021370235830545425,0.015948859974741936,0.8597025871276855,0.8631284832954407,0.8927251696586609,198780.015625,158486.390625,164142.8125,149337.390625
189,1,0.008254035376012325,0.004661452490836382,0.00498907221481204,0.9309679865837097,0.916072428226471,0.904303789138794,71027.84375,53280.1328125,42611.70703125,46492.4921875
190,1,0.019573397934436798,0.004665253218263388,0.004640649538487196,0.910812497138977,0.9389326572418213,0.9425361752510071,89329.9765625,72455.6640625,79096.421875,74798.4609375
191,1,0.01029518898576498,0.007182104513049126,0.00646797614172101,0.9402817487716675,0.8869156241416931,0.8992688655853271,85709.25,71546.0625,49176.453125,53482.50390625
192,0,0.023887190967798233,0.010339150205254555,0.011895549483597279,0.8884319067001343,0.9060537815093994,0.8989490270614624,184887.421875,138506.390625,149863.828125,159212.59375
193,9,0.014161365106701851,0.022936606779694557,0.025834456086158752,0.9264644384384155,0.8017871975898743,0.7682421803474426,118578.671875,107139.0625,78180.84375,72261.140625
194,0,0.02476705238223076,0.013807171955704689,0.01556004025042057,0.8553587794303894,0.89717036485672,0.8836721181869507,179619.09375,131359.625,150807.5625,133449.921875
195,3,0.009086983278393745,0.019786391407251358,0.021008018404245377,0.8933167457580566,0.6550043821334839,0.6445253491401672,82456.265625,69348.1484375,35205.515625,28463.353515625
196,1,0.013807694427669048,0.00345046678557992,0.003891307394951582,0.9323426485061646,0.9597641825675964,0.9585620164871216,92108.28125,73736.4765625,78804.96875,78384.640625
197,6,0.02487735077738762,0.00906339567154646,0.012743553146719933,0.8872769474983215,0.9168983101844788,0.8710224032402039,136099.328125,100132.5078125,111793.546875,108514.640625
198,4,0.01554339099675417,0.0060406094416975975,0.006125794257968664,0.9237704873085022,0.9387685060501099,0.9312025904655457,128365.8359375,101229.5703125,91790.25,97752.046875
199,2,0.0379801020026207,0.009990920312702656,0.010937876999378204,0.8283421993255615,0.865302562713623,0.8784167170524597,141243.15625,119483.953125,109610.0390625,120257.5703125
200,3,0.05690550059080124,0.0288140457123518,0.024227619171142578,0.7657062411308289,0.7701793313026428,0.81423020362854,175261.359375,151551.0,109882.546875,119477.1640625
201,6,0.02772807516157627,0.015744708478450775,0.014299450442194939,0.8682833313941956,0.8573435544967651,0.8696668744087219,188044.859375,146347.734375,134203.859375,127418.3671875
202,1,0.012966413982212543,0.003761912463232875,0.003873078152537346,0.9225791692733765,0.9426703453063965,0.9426381587982178,83553.1171875,59551.9765625,71408.046875,69855.65625
203,1,0.00525240134447813,0.00505000539124012,0.0065497951582074165,0.9623235464096069,0.9237341284751892,0.9035510420799255,68309.9296875,62122.96875,66038.3046875,67307.1640625
204,1,0.006766085978597403,0.003278003539890051,0.00334312510676682,0.946058452129364,0.9585287570953369,0.9493227601051331,74284.1171875,58456.92578125,68506.1875,65603.7265625
205,3,0.0175942275673151,0.01035279966890812,0.009943678043782711,0.8866460919380188,0.8843165636062622,0.8765691518783569,110502.28125,77207.546875,58355.5390625,67859.1328125
206,9,0.023093312978744507,0.019273702055215836,0.019970925524830818,0.9001458287239075,0.8460528254508972,0.8429365754127502,149530.265625,120009.3984375,116677.203125,112670.8828125
207,5,0.025938615202903748,0.02409190684556961,0.027957789599895477,0.87804114818573,0.7894195914268494,0.7519411444664001,166290.171875,126953.078125,82770.3125,80497.6875
208,2,0.025646116584539413,0.016090109944343567,0.01878766342997551,0.8560742735862732,0.7813275456428528,0.7432457804679871,133489.015625,110307.78125,81940.65625,78935.578125
209,9,0.03173336759209633,0.014016282744705677,0.019420186057686806,0.8602932095527649,0.8322853446006775,0.7744239568710327,117883.6953125,97252.9140625,83834.6015625,73893.71875
210,4,0.012758362106978893,0.011846120469272137,0.01374980341643095,0.9268502593040466,0.8619410991668701,0.8236328959465027,133838.796875,110432.984375,95750.2421875,92045.0390625
211,5,0.018371621146798134,0.024775546044111252,0.0281537938863039,0.864999532699585,0.7379192113876343,0.7021858096122742,110308.671875,75803.25,57609.359375,59008.66796875
212,9,0.02330091968178749,0.017224451526999474,0.018726594746112823,0.8947932720184326,0.8353274464607239,0.8034893274307251,152314.5,125066.5703125,105448.0703125,99350.0390625
213,3,0.012788337655365467,0.014049851335585117,0.0134440828114748,0.920014500617981,0.8430486917495728,0.8465046882629395,105982.3125,83126.3828125,72958.3671875,72505.3671875
214,9,0.03454292565584183,0.01082100160419941,0.011048349551856518,0.859569787979126,0.9118583798408508,0.9115016460418701,133096.8125,106983.21875,108244.953125,108055.734375
215,0,0.026314297690987587,0.005502729211002588,0.00771606620401144,0.8900018334388733,0.9544938206672668,0.9370629191398621,184373.5625,127293.9140625,142981.390625,140186.46875
216,3,0.019205527380108833,0.013244645670056343,0.014556970447301865,0.9067996740341187,0.840859055519104,0.8077101111412048,152075.953125,124201.46875,125094.140625,117267.875
217,6,0.024729818105697632,0.011601964011788368,0.012456648051738739,0.8538724780082703,0.8703116178512573,0.8648465275764465,148889.765625,114629.1796875,107003.015625,106778.1796875
218,5,0.016956046223640442,0.015827341005206108,0.01658611372113228,0.884964108467102,0.8204918503761292,0.8019185662269592,124066.078125,86004.375,69796.0078125,75305.109375
219,5,0.01696625165641308,0.021845316514372826,0.024874476715922356,0.9011357426643372,0.7727730870246887,0.7356970310211182,158689.078125,139305.484375,109427.546875,103433.2421875
220,7,0.0229876060038805,0.016129905357956886,0.016492430120706558,0.8889220952987671,0.816224992275238,0.8035438656806946,133042.484375,104427.1015625,109164.703125,98153.9140625
221,2,0.029016435146331787,0.022571459412574768,0.024027926847338676,0.856037974357605,0.7807076573371887,0.7534381151199341,178334.296875,130312.1015625,108670.3671875,100654.796875
222,2,0.053028836846351624,0.03367846459150314,0.03696345537900925,0.806259036064148,0.7360894083976746,0.7367454171180725,186727.46875,155871.140625,108969.640625,102767.71875
223,7,0.01367931067943573,0.00551551254466176,0.005659273359924555,0.928139328956604,0.9320916533470154,0.9263502955436707,131573.65625,117465.0625,121915.0078125,111187.78125
224,1,0.005410041194409132,0.004183398559689522,0.004659660626202822,0.9464142918586731,0.9173569679260254,0.9064623713493347,49023.22265625,40517.140625,42449.34765625,39751.56640625
225,2,0.019107570871710777,0.02717059850692749,0.026689715683460236,0.8944764137268066,0.7039294838905334,0.6876025199890137,180286.40625,141064.453125,140627.453125,136776.6875
226,8,0.02729862555861473,0.018112285062670708,0.018535027280449867,0.8773506283760071,0.8483679294586182,0.8038515448570251,134222.46875,125989.4765625,106685.3671875,93289.75
227,4,0.007589875254780054,0.008712641894817352,0.009846831671893597,0.946838915348053,0.8862440586090088,0.8575442433357239,86640.734375,80685.0546875,68737.6171875,51619.91796875
228,1,0.007788520306348801,0.004015711136162281,0.003332332707941532,0.9485939145088196,0.9496458768844604,0.9577622413635254,81614.3828125,67370.0078125,80422.2265625,75436.6015625
229,7,0.010846178978681564,0.006556481588631868,0.006822523660957813,0.9234771728515625,0.9074105024337769,0.9001495838165283,88981.5703125,69235.125,78852.7109375,72092.6796875
230,3,0.015887442976236343,0.015502985566854477,0.014684190042316914,0.9142558574676514,0.8325318098068237,0.8231560587882996,128498.75,102075.9609375,88996.4296875,90876.4453125
231,3,0.014327713288366795,0.00993531383574009,0.011726251803338528,0.8899959325790405,0.8911454677581787,0.8681190609931946,114592.6953125,90959.46875,79134.1328125,86898.3046875
232,8,0.01990586519241333,0.013201345689594746,0.014331861399114132,0.9019221067428589,0.8768110871315002,0.8631694316864014,158896.234375,137348.09375,130125.0546875,119170.6953125
233,8,0.03356758505105972,0.017607761546969414,0.016477877274155617,0.848656177520752,0.8814130425453186,0.8926162719726562,158490.0,130574.296875,103574.3671875,108839.0625
234,7,0.012900429777801037,0.00933487992733717,0.0104319853708148,0.9098523259162903,0.8921745419502258,0.8832448720932007,106465.796875,76142.1328125,74460.296875,67135.2734375
235,9,0.019105302169919014,0.019114453345537186,0.01899329572916031,0.8839402198791504,0.8262467384338379,0.8109825253486633,132758.28125,89264.015625,65853.8828125,64929.12109375
236,2,0.02339746430516243,0.019667230546474457,0.02411004900932312,0.8992134928703308,0.7908605337142944,0.7412102818489075,147068.671875,101539.6953125,95912.40625,95325.1015625
237,2,0.017167268320918083,0.010510332882404327,0.01191435195505619,0.9122548699378967,0.8397649526596069,0.8235138058662415,125216.46875,102095.1171875,88625.9375,75230.9453125
238,4,0.024922451004385948,0.008058839477598667,0.00895601324737072,0.8808289766311646,0.9192212224006653,0.8976765871047974,135496.390625,107809.078125,110949.3359375,105452.3828125
239,1,0.010083500295877457,0.002508603734895587,0.003915923647582531,0.9353557825088501,0.9680436253547668,0.9529424905776978,81150.71875,62095.96875,73601.03125,74523.6328125
240,5,0.01729818806052208,0.008821104653179646,0.009908054023981094,0.9096064567565918,0.9259936213493347,0.8994821906089783,149420.203125,117385.671875,126250.5703125,114565.3984375
241,9,0.027186475694179535,0.01518493052572012,0.020246364176273346,0.8776229619979858,0.8563404083251953,0.8134564757347107,187031.921875,153041.796875,137781.875,116257.0390625
242,8,0.04185694083571434,0.018489953130483627,0.01717214472591877,0.8307549357414246,0.8470141887664795,0.8450365662574768,157459.328125,120259.9140625,112133.34375,111818.328125
243,7,0.01853066310286522,0.021239224821329117,0.02451285533607006,0.8884772062301636,0.7715799808502197,0.7284273505210876,145054.6875,120190.609375,73202.7421875,58854.3203125
244,2,0.011460483074188232,0.027737518772482872,0.028172532096505165,0.9360774755477905,0.7069249153137207,0.6980699896812439,106162.1640625,93794.1328125,49401.85546875,47884.0234375
245,3,0.014481899328529835,0.024094024673104286,0.02672082930803299,0.889899730682373,0.6975530385971069,0.6138888001441956,129591.140625,111551.3125,74110.3984375,68785.0078125
246,0,0.024743666872382164,0.011656009592115879,0.01061128918081522,0.8798453211784363,0.9125085473060608,0.9181336164474487,208982.65625,168614.359375,175666.59375,166909.28125
247,4,0.014414708130061626,0.022252140566706657,0.024700935930013657,0.9260976314544678,0.7704784274101257,0.702893078327179,128957.1796875,102351.3671875,61997.94140625,54294.05859375
248,4,0.02983931079506874,0.011874017305672169,0.011195188388228416,0.8806793093681335,0.8820577263832092,0.8811830878257751,160072.28125,129603.8125,138363.203125,130648.1171875
249,2,0.015833131968975067,0.01128860842436552,0.011933130212128162,0.895651638507843,0.8635897040367126,0.8389745950698853,115496.1640625,82313.4609375,86526.78125,81739.53125
250,4,0.03188251331448555,0.009428558871150017,0.013006631284952164,0.8650380969047546,0.9255104064941406,0.8718915581703186,136736.84375,116301.5859375,97238.4296875,87640.328125
251,1,0.005328178405761719,0.00654102535918355,0.007369115483015776,0.9562853574752808,0.9056435227394104,0.8939952850341797,63476.37109375,55444.38671875,51143.26953125,54811.15234375
252,9,0.025733284652233124,0.006963700521737337,0.007100383285433054,0.8823724389076233,0.9455012083053589,0.9425047039985657,148251.1875,106057.3125,120078.8828125,120747.875
253,5,0.014465910382568836,0.01064079999923706,0.012731051072478294,0.9014216661453247,0.862528383731842,0.8196861147880554,128931.4453125,104240.4453125,91092.4296875,88162.375
254,7,0.017056353390216827,0.00668596476316452,0.010869874618947506,0.8965368270874023,0.9246557950973511,0.8802682161331177,123935.6875,83452.8359375,100262.015625,96410.8515625
255,7,0.021564144641160965,0.00819490011781454,0.007810457609593868,0.8800138235092163,0.9036296606063843,0.9214205145835876,110856.875,73506.4921875,81472.5859375,73082.9375
256,2,0.02614353597164154,0.010627533309161663,0.009753115475177765,0.8830167651176453,0.8823095560073853,0.8831082582473755,144360.15625,102988.1796875,108790.265625,106719.171875
257,8,0.025282105430960655,0.015912247821688652,0.018354646861553192,0.8812000155448914,0.8596965074539185,0.8334329128265381,126874.8984375,97913.265625,70130.1484375,66539.2265625
258,2,0.030111443251371384,0.014416936784982681,0.013936265371739864,0.854379415512085,0.8365657925605774,0.8141468167304993,150679.609375,113015.140625,107080.4296875,111462.828125
259,6,0.027991652488708496,0.022378230467438698,0.018177421763539314,0.8553325533866882,0.8007660508155823,0.8261409997940063,189248.625,135588.25,120328.6171875,124977.203125
260,8,0.027190323919057846,0.02701774798333645,0.027497928589582443,0.8561046719551086,0.7357182502746582,0.7401520609855652,172274.0,126163.640625,89747.5625,95896.875
261,5,0.019321206957101822,0.016887027770280838,0.020660219714045525,0.8725156188011169,0.7992895841598511,0.764452338218689,119838.796875,87855.75,72586.5703125,69652.5078125
262,7,0.018160270527005196,0.012797812931239605,0.014410016126930714,0.9069961309432983,0.8691428899765015,0.8526116013526917,136561.953125,101663.1640625,110720.140625,102854.4296875
263,7,0.01913478784263134,0.0067340354435145855,0.008838879875838757,0.8949949145317078,0.9208024144172668,0.9012897610664368,125219.078125,84974.328125,104612.5390625,95599.8359375
264,9,0.023372022435069084,0.01448175311088562,0.01571386493742466,0.8736300468444824,0.8427131772041321,0.837934672832489,123270.28125,85642.8359375,61119.46875,59577.2734375
265,1,0.019681358709931374,0.003703484544530511,0.0034875483252108097,0.9046727418899536,0.9596037268638611,0.9618908166885376,94314.4296875,66752.140625,80558.71875,79773.03125
266,8,0.029813464730978012,0.01309120375663042,0.011265095323324203,0.864840567111969,0.9097900390625,0.9159197211265564,170739.109375,134581.640625,132288.53125,124508.1796875
267,1,0.01671922206878662,0.0030283969826996326,0.004100664984434843,0.8977808952331543,0.9641223549842834,0.9495078921318054,87836.703125,66359.78125,80503.0078125,80140.4453125
268,8,0.024600103497505188,0.04142001271247864,0.05207371711730957,0.874091625213623,0.559389054775238,0.4922180771827698,194034.765625,163499.0625,91327.328125,90868.8984375
269,0,0.02305704355239868,0.016859885305166245,0.022192731499671936,0.865511953830719,0.8358036279678345,0.800769567489624,160413.953125,123466.265625,118935.8125,124199.1328125
270,3,0.025718558579683304,0.022490842267870903,0.02161298133432865,0.842988908290863,0.7894131541252136,0.7831799983978271,172652.28125,119809.703125,123686.953125,114005.71875
271,0,0.03396304324269295,0.009700593538582325,0.012054050341248512,0.8486924171447754,0.9211519956588745,0.9065914154052734,173197.015625,124942.4296875,144926.65625,147093.5625
272,1,0.01185140572488308,0.0019198368536308408,0.0027654431760311127,0.9202220439910889,0.9605199098587036,0.95256507396698,83348.9140625,63913.3515625,70423.46875,68900.7265625
273,9,0.027900835499167442,0.00727959256619215,0.011731062084436417,0.8824657201766968,0.9157513976097107,0.8666940331459045,162861.6875,127311.71875,128177.546875,121649.015625
274,9,0.03061741217970848,0.014440204948186874,0.01571284793317318,0.8778353333473206,0.8802468180656433,0.856743335723877,169882.265625,120873.0625,128815.203125,132086.734375
275,4,0.027567269280552864,0.006616236642003059,0.00860888697206974,0.8652544617652893,0.9377754330635071,0.9137901663780212,147089.71875,99811.0625,108916.109375,108267.0390625
276,1,0.01588543877005577,0.0022834939882159233,0.0024759508669376373,0.9221680164337158,0.9737198948860168,0.9749764204025269,95238.9765625,70347.25,79236.375,78623.4921875
277,8,0.040736228227615356,0.027392728254199028,0.02307729981839657,0.8274997472763062,0.7741493582725525,0.7775167226791382,145556.09375,125559.1796875,88462.203125,83626.171875
278,2,0.030043017119169235,0.027359381318092346,0.027510622516274452,0.85923171043396,0.7239144444465637,0.6935071349143982,183788.203125,137927.484375,116439.6015625,115459.40625
279,1,0.011117609217762947,0.0031873139087110758,0.0037598784547299147,0.9221451282501221,0.9554687738418579,0.9508693218231201,86862.015625,55355.875,56265.42578125,50716.98828125
280,2,0.028739431872963905,0.010694397613406181,0.016200892627239227,0.8544548153877258,0.8272753357887268,0.7546464204788208,147580.921875,106052.1796875,106244.2109375,114381.40625
281,9,0.020697230473160744,0.011986173689365387,0.01104576513171196,0.9044997096061707,0.8747737407684326,0.8868154287338257,154435.625,117654.5078125,124527.2734375,119267.7734375
282,7,0.014750887639820576,0.010165451094508171,0.012707897461950779,0.9182937741279602,0.892574667930603,0.8383388519287109,117692.1796875,87847.9140625,82962.8515625,70227.546875
283,5,0.009575887583196163,0.01443392876535654,0.01616104692220688,0.9204245209693909,0.8128843903541565,0.7772600650787354,103936.765625,91739.0625,63240.4921875,64207.81640625
284,9,0.017004385590553284,0.008016055449843407,0.009360645897686481,0.901848316192627,0.9355228543281555,0.9256782531738281,149647.6875,113090.703125,114369.9375,107221.5078125
285,2,0.018744375556707382,0.035647913813591,0.03819547966122627,0.8889681696891785,0.6381279826164246,0.6090766787528992,152436.484375,123044.8515625,68058.2265625,70706.5078125
286,6,0.017941348254680634,0.011542833410203457,0.01439752709120512,0.9086898565292358,0.8900973200798035,0.8664106726646423,123587.53125,93950.1796875,92328.5703125,91174.3046875
287,4,0.02716791070997715,0.03470765799283981,0.028802642598748207,0.8766542077064514,0.689979076385498,0.6524096131324768,155550.15625,113464.546875,73619.0859375,71137.015625
288,1,0.017030809074640274,0.008541152812540531,0.009714351035654545,0.9082770943641663,0.8982565402984619,0.8811855316162109,96177.7109375,61799.42578125,73151.84375,72038.0625
289,5,0.016036149114370346,0.012816611677408218,0.016413139179348946,0.8951097130775452,0.8674750924110413,0.8003807067871094,131163.1875,99839.265625,93509.0703125,96461.1796875
290,8,0.019337812438607216,0.033005114644765854,0.03026040829718113,0.9147786498069763,0.6815758347511292,0.6731345653533936,166053.234375,137849.53125,81366.828125,73647.4296875
291,2,0.025457698851823807,0.03257035091519356,0.03319231793284416,0.861155092716217,0.6495338082313538,0.6400270462036133,176110.15625,143992.46875,102491.1015625,112826.734375
292,9,0.024156738072633743,0.012508613057434559,0.01290994044393301,0.8916746973991394,0.916269063949585,0.9214173555374146,158521.78125,113710.6015625,115754.171875,116313.0390625
293,2,0.02939966693520546,0.016597993671894073,0.017146220430731773,0.8293482065200806,0.7934515476226807,0.7794210910797119,134575.328125,100915.46875,90849.578125,87399.328125
294,0,0.02470000833272934,0.00804184004664421,0.009873993694782257,0.8720822930335999,0.9399653077125549,0.9208923578262329,170095.484375,129153.25,139149.890625,134379.421875
295,4,0.01936720684170723,0.01285253744572401,0.011991366744041443,0.9114067554473877,0.8432740569114685,0.8449987173080444,135164.4375,112819.40625,107658.203125,101135.6015625
296,0,0.03696436807513237,0.015005235560238361,0.014396966435015202,0.8390116691589355,0.87879878282547,0.8891885280609131,206207.15625,159119.21875,174682.9375,177383.625
297,0,0.02210884355008602,0.022341640666127205,0.027900565415620804,0.8761769533157349,0.8105267882347107,0.7685473561286926,192120.875,142006.625,158209.265625,151228.59375
298,2,0.027317538857460022,0.020243095234036446,0.02078838273882866,0.8715656399726868,0.7795551419258118,0.780533492565155,189551.921875,140112.015625,123379.3203125,124360.3046875
299,8,0.0321994312107563,0.015531790442764759,0.01734647899866104,0.8383046388626099,0.8832286596298218,0.8778427839279175,168333.296875,107853.6484375,82838.4140625,91501.09375
300,4,0.015131859108805656,0.02083558961749077,0.0202290378510952,0.9219880104064941,0.7683988213539124,0.7384339570999146,110013.4453125,89821.1015625,52850.44140625,56164.9375
301,7,0.02979278564453125,0.018743889406323433,0.021995237097144127,0.8739742040634155,0.8199001550674438,0.7879940867424011,143011.234375,115497.9765625,113107.953125,105112.8046875
302,1,0.0094879399985075,0.0027938191778957844,0.0031599148642271757,0.9500056505203247,0.9644466638565063,0.9561510682106018,84355.1328125,75008.25,81681.8984375,84451.9609375
303,2,0.015278387814760208,0.020991943776607513,0.023368410766124725,0.8783113956451416,0.713507354259491,0.615249752998352,96022.7734375,75700.7109375,53808.1328125,50409.453125
304,4,0.01865449920296669,0.014394352212548256,0.016456233337521553,0.9190909266471863,0.8402178883552551,0.8280521631240845,138095.125,112891.1171875,91946.265625,83935.5
305,0,0.033864520490169525,0.034050941467285156,0.0382232740521431,0.8225103616714478,0.7325299978256226,0.7037652134895325,214348.828125,145812.890625,104938.21875,105523.234375
306,2,0.016238998621702194,0.013869483955204487,0.014526480808854103,0.9139875769615173,0.8228851556777954,0.8116700649261475,141926.421875,123073.8359375,98378.5390625,101629.0703125
307,7,0.020357400178909302,0.007930771447718143,0.009170142002403736,0.8864180445671082,0.9040589332580566,0.892422616481781,128447.0,96710.203125,93337.9765625,84196.0078125
308,4,0.025708094239234924,0.01074573677033186,0.011843065731227398,0.8801093697547913,0.8703421354293823,0.857143759727478,137925.703125,110503.7734375,101607.0390625,97289.0
309,3,0.01666036807000637,0.019945906475186348,0.023618506267666817,0.8791822791099548,0.7475210428237915,0.7039859890937805,131936.125,102345.7109375,77586.359375,73444.5703125
310,3,0.01623213104903698,0.010423247702419758,0.01166070718318224,0.909961462020874,0.8748683333396912,0.8543269634246826,132968.296875,95986.7109375,82854.8203125,79172.6171875
311,0,0.053930625319480896,0.027266480028629303,0.01914644055068493,0.7699055671691895,0.7701414227485657,0.8297870755195618,179851.15625,149687.671875,145723.8125,131374.890625
312,0,0.02985328994691372,0.009840407408773899,0.009863929823040962,0.8676939010620117,0.92279052734375,0.9218776822090149,177212.203125,143504.140625,148518.953125,143803.546875
313,3,0.021692942827939987,0.02907303161919117,0.0343049131333828,0.8669159412384033,0.673976719379425,0.632576584815979,172988.203125,141092.328125,101192.8984375,101424.8515625
314,1,0.01008644886314869,0.004286780953407288,0.0047362810000777245,0.9434172511100769,0.9546167850494385,0.9401974678039551,96915.9453125,78949.640625,87254.1640625,87977.8125
315,9,0.030164683237671852,0.013818830251693726,0.017284873872995377,0.8763012886047363,0.8663250207901001,0.8071660399436951,163972.1875,118118.1328125,128398.0703125,122941.171875
316,6,0.021219121292233467,0.01773752272129059,0.01723930798470974,0.8932957649230957,0.8229386210441589,0.8229487538337708,130010.4453125,102807.03125,75860.8671875,76848.03125
317,5,0.019406354054808617,0.014189688488841057,0.013178715482354164,0.9009782075881958,0.8387561440467834,0.8559819459915161,127897.8984375,111501.03125,97862.328125,89250.5703125
318,2,0.037469323724508286,0.029404236003756523,0.03604980185627937,0.811482846736908,0.7318347096443176,0.6905460357666016,208472.609375,145794.140625,100610.4296875,89334.328125
319,5,0.033606741577386856,0.02620772458612919,0.028937626630067825,0.8013834357261658,0.7718610167503357,0.7421773672103882,207330.359375,142623.484375,122656.7734375,122650.484375
320,9,0.017420290037989616,0.015201478265225887,0.0177280455827713,0.9100218415260315,0.8590764999389648,0.8398063778877258,103100.515625,74297.171875,61538.234375,63255.97265625
321,2,0.024802191182971,0.011879811994731426,0.01387992687523365,0.8611879944801331,0.8716065883636475,0.8491100072860718,128410.953125,90033.171875,67804.2265625,67633.90625
322,9,0.02362179197371006,0.014114698395133018,0.014204399660229683,0.8795278072357178,0.8730418682098389,0.866786777973175,128135.5078125,100344.140625,103261.8046875,105319.015625
323,3,0.014874978922307491,0.01597873494029045,0.016917135566473007,0.9164857268333435,0.8116872906684875,0.8027509450912476,144675.015625,123426.25,97076.734375,98482.203125
324,0,0.01789858750998974,0.024267010390758514,0.023921815678477287,0.8876087069511414,0.747546911239624,0.7559787034988403,133263.21875,106379.1640625,71069.78125,71391.46875
325,4,0.02309519425034523,0.011837475001811981,0.012294384650886059,0.8401070237159729,0.8633517622947693,0.8476271033287048,118194.5703125,65174.05859375,59254.58984375,57652.62109375
326,2,0.02428572066128254,0.020039161667227745,0.025480924174189568,0.8724759221076965,0.7019485235214233,0.6180108189582825,136642.734375,85277.5703125,63446.1015625,47713.98828125
327,0,0.034654974937438965,0.012072030454874039,0.012500934302806854,0.8518600463867188,0.9164552092552185,0.9060064554214478,205410.234375,149275.390625,162029.203125,159271.828125
328,7,0.018415724858641624,0.01544185634702444,0.01525790337473154,0.9127844572067261,0.8467550277709961,0.8250297904014587,125705.7109375,104469.28125,93781.1640625,90342.3828125
329,1,0.01526025589555502,0.004736121743917465,0.003963178023695946,0.910968542098999,0.9396340250968933,0.9473978877067566,87836.5703125,64920.25390625,78325.8828125,78405.0625
330,1,0.006023929920047522,0.001994703197851777,0.0024203136563301086,0.9531395435333252,0.9721483588218689,0.9650208950042725,87399.3671875,79665.0,82904.4609375,78453.609375
331,2,0.015812424942851067,0.016501205042004585,0.018775029107928276,0.9014735221862793,0.7870352268218994,0.763424277305603,141950.71875,117271.21875,109614.9765625,99657.875
332,1,0.012192207388579845,0.0021100176963955164,0.0024640504270792007,0.9366562366485596,0.973544180393219,0.9672303199768066,87366.8046875,59784.42578125,73981.4765625,72049.234375
333,5,0.015840470790863037,0.020164139568805695,0.021435987204313278,0.9109294414520264,0.76247239112854,0.7517035007476807,164872.875,134621.40625,95889.8125,84708.7421875
334,3,0.01653592847287655,0.015701334923505783,0.017119554802775383,0.890343964099884,0.8135299682617188,0.8058685064315796,145349.21875,122359.0390625,107944.5625,115221.5
335,3,0.01820414327085018,0.01403216365724802,0.012343072332441807,0.865725576877594,0.8435807228088379,0.8613353967666626,132624.875,91746.1015625,84379.296875,75489.5625
336,9,0.025923598557710648,0.008062615059316158,0.009528031572699547,0.8729546666145325,0.9387255311012268,0.920442521572113,157527.65625,115456.953125,124451.7109375,126648.3984375
337,7,0.013127817772328854,0.014635497704148293,0.016832612454891205,0.9191131591796875,0.8272669911384583,0.7983762621879578,125987.8359375,97629.6953125,95363.203125,98114.9765625
338,8,0.030142132192850113,0.05503382906317711,0.0550110898911953,0.8616029024124146,0.6132449507713318,0.614656388759613,225626.703125,174471.0,112762.5625,120443.546875
339,6,0.02343105711042881,0.01872033253312111,0.017769837751984596,0.8670184016227722,0.7982302308082581,0.8115131258964539,155212.65625,110255.3359375,84708.2734375,92731.8984375
340,5,0.01811741478741169,0.00938580185174942,0.01129914540797472,0.9003924131393433,0.9000775814056396,0.8733149766921997,119442.796875,90737.078125,84938.703125,85410.296875
341,6,0.007971481420099735,0.02642541006207466,0.02464139834046364,0.9299039840698242,0.6499481797218323,0.5908737778663635,88542.796875,76217.4453125,33347.08203125,29770.2109375
342,1,0.012101191096007824,0.0019158284412696958,0.0020127464085817337,0.9186769127845764,0.9694710969924927,0.9683279991149902,89608.0078125,67892.8828125,80390.8046875,77267.3984375
343,3,0.027614908292889595,0.021117594093084335,0.019971931353211403,0.8624601364135742,0.7778844237327576,0.7784663438796997,185421.265625,134904.21875,126940.0390625,128406.3671875
344,8,0.024622607976198196,0.023248745128512383,0.02355095185339451,0.8757950067520142,0.7816979289054871,0.7777839303016663,149938.765625,112320.28125,82831.8359375,79307.7421875
345,1,0.015426907688379288,0.004495671950280666,0.005983267445117235,0.9281641840934753,0.9552396535873413,0.9397898316383362,97496.4453125,72838.28125,78515.265625,79327.453125
346,0,0.025540098547935486,0.007901400327682495,0.008295704610645771,0.8853529691696167,0.9509994983673096,0.9441609382629395,156413.921875,122887.578125,130723.953125,120237.0703125
347,5,0.034198831766843796,0.01956113986670971,0.020518090575933456,0.8603500723838806,0.85255366563797,0.8448154330253601,174914.203125,138155.40625,109384.0078125,122362.1640625
348,1,0.01381605677306652,0.0043730102479457855,0.004621046595275402,0.923317015171051,0.9599607586860657,0.9576071500778198,91715.765625,68989.15625,77181.609375,74979.171875
349,3,0.017153047025203705,0.01827242597937584,0.01969495601952076,0.891669750213623,0.7951474785804749,0.7832657098770142,133782.40625,100253.234375,84364.46875,80661.1328125
350,1,0.013421965762972832,0.004843341186642647,0.004458991345018148,0.9281572699546814,0.9337489008903503,0.9186850190162659,87352.5703125,68705.9921875,77170.109375,75826.1953125
351,5,0.022053426131606102,0.01711244136095047,0.018746167421340942,0.8959649205207825,0.8287965059280396,0.7895984649658203,171158.03125,139336.421875,142831.03125,132806.84375
352,5,0.030586641281843185,0.026167862117290497,0.02440830133855343,0.8604259490966797,0.7751564383506775,0.7914004921913147,216503.0625,156559.46875,146162.125,127181.9296875
353,6,0.039981089532375336,0.013459326699376106,0.01320505142211914,0.8316158056259155,0.852600634098053,0.8616463541984558,151146.21875,126775.265625,110202.0859375,120363.1171875
354,1,0.01280316710472107,0.0030659399926662445,0.0029053071048110723,0.9157963991165161,0.9579572081565857,0.9614737033843994,86170.4453125,68284.03125,75478.265625,71406.0234375
355,8,0.021652137860655785,0.02326509915292263,0.02369111403822899,0.8981006145477295,0.8062012195587158,0.8059962391853333,149910.796875,115725.9453125,99702.609375,104919.9765625
356,5,0.03586551174521446,0.012699253857135773,0.014437345787882805,0.8239912390708923,0.8905255794525146,0.8698163032531738,182962.40625,131739.734375,122284.0078125,133190.03125
357,1,0.006255493499338627,0.0028015587013214827,0.003772952128201723,0.9278707504272461,0.9557912349700928,0.9328027367591858,54426.609375,38585.09765625,47959.28515625,42460.0390625
358,7,0.01149936206638813,0.020541317760944366,0.021359268575906754,0.9193179607391357,0.740723729133606,0.7320986390113831,110063.75,98610.875,64446.19921875,58128.1171875
359,9,0.027302376925945282,0.017742525786161423,0.019977254793047905,0.8771634697914124,0.8480643033981323,0.8234304189682007,146099.359375,109322.0859375,116097.484375,105544.953125
360,4,0.02187456376850605,0.03619273751974106,0.03797829896211624,0.8881838917732239,0.6806562542915344,0.6743617057800293,154655.640625,113846.6171875,76709.5625,83618.78125
361,6,0.024846276268363,0.009146004915237427,0.010131463408470154,0.8793832063674927,0.9061368107795715,0.9011451601982117,152124.828125,122848.75,116844.03125,115524.0390625
362,2,0.01728876493871212,0.037936121225357056,0.04442594572901726,0.89656662940979,0.645445704460144,0.502839982509613,162166.328125,129124.3984375,98592.328125,88855.25
363,2,0.016446592286229134,0.020712878555059433,0.017197897657752037,0.9070356488227844,0.7499875426292419,0.7799668312072754,132246.421875,95860.796875,83309.15625,75068.4375
364,5,0.02255728654563427,0.017696792259812355,0.016930121928453445,0.8780863285064697,0.8119924068450928,0.7998070120811462,178258.234375,140419.09375,130372.0,117183.375
365,0,0.016227470710873604,0.005067167337983847,0.00591644924134016,0.9128926396369934,0.9617679715156555,0.9459920525550842,155074.015625,133368.21875,136883.734375,129881.109375
366,6,0.016478095203638077,0.0426490344107151,0.040944863110780716,0.9244423508644104,0.641668975353241,0.6377459764480591,151450.203125,136435.828125,98666.765625,90696.6484375
367,5,0.01913275010883808,0.03179512917995453,0.02889217995107174,0.8885539770126343,0.6984474062919617,0.7235289216041565,172599.265625,133962.9375,80483.7890625,85984.75
368,6,0.014893881045281887,0.014973912388086319,0.01594596542418003,0.9010173082351685,0.8832515478134155,0.8612753748893738,131143.078125,105379.3515625,91518.59375,83906.671875
369,3,0.01795221120119095,0.021804120391607285,0.024132167920470238,0.8733470439910889,0.7881759405136108,0.765291154384613,135917.328125,112629.3515625,85458.046875,89495.59375
370,7,0.013144445605576038,0.008157174102962017,0.008106453344225883,0.9351844787597656,0.9177138209342957,0.9159106612205505,140225.359375,106972.3828125,104654.75,99732.1796875
371,2,0.0222241822630167,0.020308418199419975,0.02467668242752552,0.8964745402336121,0.7653539180755615,0.7307302951812744,156869.5,111340.2734375,103126.21875,96328.7734375
372,0,0.014417372643947601,0.025668274611234665,0.03316964954137802,0.9100620150566101,0.7519799470901489,0.6887944936752319,166259.296875,149486.625,142818.765625,125058.5703125
373,8,0.027739381417632103,0.017004292458295822,0.020313676446676254,0.8669285774230957,0.872199535369873,0.8290976285934448,176815.0625,142573.328125,119787.078125,125452.6328125
374,8,0.020997188985347748,0.016786135733127594,0.015072804875671864,0.9020337462425232,0.8630165457725525,0.8695233464241028,158675.9375,130567.9765625,121042.5625,116339.5859375
375,5,0.02011103183031082,0.012372501194477081,0.01287491712719202,0.8971139192581177,0.8666133880615234,0.8686636686325073,169609.765625,140648.765625,126287.5625,115681.484375
376,4,0.021522613242268562,0.008866840042173862,0.011168562807142735,0.8939680457115173,0.9202795624732971,0.893624484539032,120862.1640625,84796.515625,80788.84375,78757.1640625
377,1,0.011373217217624187,0.004408830776810646,0.004248701501637697,0.9319280385971069,0.9335939884185791,0.9355844855308533,82974.9375,53374.8671875,59116.90625,57501.15234375
378,1,0.012797435745596886,0.004175594076514244,0.004148358013480902,0.9029409885406494,0.9559374451637268,0.9528178572654724,82694.4921875,51547.88671875,63132.93359375,63280.83984375
379,4,0.0148996626958251,0.010867227800190449,0.011842051520943642,0.8950689435005188,0.8947502970695496,0.867559015750885,139322.03125,119714.8125,115480.1953125,108620.8359375
380,0,0.027816640213131905,0.03764370456337929,0.03956114128232002,0.8524698615074158,0.681452214717865,0.6430343985557556,201255.0,139642.1875,111235.90625,78785.2421875
381,3,0.020647170022130013,0.024105243384838104,0.02447025664150715,0.875070333480835,0.7218808531761169,0.692916750907898,117866.8359375,82333.46875,51872.234375,51767.609375
382,3,0.028026657178997993,0.01216636598110199,0.01265343651175499,0.8830551505088806,0.8913458585739136,0.881233274936676,167109.921875,128174.1640625,115623.734375,117485.5078125
383,7,0.008838885463774204,0.006200235802680254,0.006891210097819567,0.9358325600624084,0.9218682646751404,0.9060101509094238,101425.6953125,83693.4609375,86538.6953125,77920.34375
384,6,0.03140666335821152,0.01611591875553131,0.013944827951490879,0.8469074368476868,0.8483824133872986,0.8753350377082825,181450.125,128225.5078125,130115.734375,132951.21875
385,1,0.007080998737365007,0.0037568171974271536,0.004699381999671459,0.9389133453369141,0.9423081874847412,0.9340524077415466,72535.7109375,61686.84375,65576.1484375,66679.53125
386,6,0.017069634050130844,0.008330585435032845,0.010516414418816566,0.9033913612365723,0.9278464317321777,0.919379711151123,148045.9375,120227.7109375,121688.265625,117123.265625
387,2,0.015372985042631626,0.021391695365309715,0.02528717927634716,0.882930338382721,0.6867068409919739,0.6511623859405518,107199.21875,83941.859375,53528.03125,45413.2890625
388,1,0.008853842504322529,0.0037562560755759478,0.0042946673929691315,0.9274654388427734,0.9364880919456482,0.9155723452568054,80097.53125,64536.5390625,75752.7890625,69690.96875
389,9,0.023954957723617554,0.00871245376765728,0.010173598304390907,0.8951236605644226,0.9152005314826965,0.9062955975532532,125420.234375,94006.3828125,91649.1796875,83480.3828125
390,2,0.02935129404067993,0.018436545506119728,0.022545453161001205,0.8676180839538574,0.8077982664108276,0.7891077995300293,172887.296875,151309.78125,130861.4453125,124913.6328125
391,8,0.02504863031208515,0.035175785422325134,0.036817118525505066,0.8820379376411438,0.7528111934661865,0.7551201581954956,182786.75,143717.5,119739.0,118939.6953125
392,6,0.014567062258720398,0.006454601418226957,0.007624434307217598,0.917029619216919,0.9452804327011108,0.9190519452095032,127948.265625,105090.203125,94223.0390625,91680.484375
393,1,0.008436835370957851,0.004163068253546953,0.004975040443241596,0.9374621510505676,0.932024359703064,0.9199343323707581,87493.9375,67547.9140625,75437.3671875,75069.8359375
394,9,0.01713377796113491,0.011941120028495789,0.013461531139910221,0.8922356963157654,0.8769529461860657,0.8474190831184387,115755.2421875,88443.484375,79814.6953125,74884.2421875
395,5,0.018859604373574257,0.017837945371866226,0.02199249155819416,0.9075709581375122,0.8512802124023438,0.8304252624511719,176380.5625,140118.203125,131332.296875,128691.546875
396,2,0.02328983135521412,0.020367898046970367,0.017564648762345314,0.8803656101226807,0.7948688268661499,0.8010551333427429,144231.21875,112410.6328125,99328.265625,92749.9765625
397,5,0.018927235156297684,0.01530172023922205,0.01547449640929699,0.8745221495628357,0.8308902382850647,0.81179279088974,145385.515625,114733.46875,105209.453125,96683.8359375
398,4,0.01689152978360653,0.016462257131934166,0.015873797237873077,0.90370112657547,0.8134530186653137,0.8057507872581482,130228.671875,101984.8125,90874.3359375,85205.1640625
399,4,0.024795375764369965,0.01522982120513916,0.016226520761847496,0.8814069628715515,0.8240076303482056,0.8068016767501831,145661.15625,111979.8125,102822.703125,89127.8125
400,2,0.02448861673474312,0.0162311140447855,0.019564313814044,0.8828822374343872,0.8537331223487854,0.8166704773902893,177430.484375,149040.359375,136061.421875,119962.5703125
401,8,0.016444295644760132,0.015474713407456875,0.01601186953485012,0.9082331657409668,0.8473536968231201,0.8413800597190857,136606.953125,124425.9765625,100120.8359375,107490.6796875
402,3,0.023985490202903748,0.03670746833086014,0.034682705998420715,0.8426185250282288,0.6696646213531494,0.6812297105789185,196088.6875,164073.703125,122951.734375,108142.34375
403,8,0.0149603933095932,0.026144254952669144,0.024664632976055145,0.9252570867538452,0.7901098728179932,0.7909053564071655,142973.140625,129916.6640625,95877.8046875,101574.109375
404,2,0.02306235022842884,0.016547881066799164,0.021184368059039116,0.8761816620826721,0.8026720285415649,0.7610660195350647,151943.21875,112773.734375,95114.6328125,97784.40625
405,4,0.022676317021250725,0.017824433743953705,0.02329288423061371,0.8937414288520813,0.8288382291793823,0.7661370635032654,168008.140625,143494.953125,124755.75,112221.734375
406,5,0.028405344113707542,0.014974983409047127,0.019080542027950287,0.8833371996879578,0.8866931796073914,0.8611060976982117,192225.46875,168566.875,157121.375,157054.21875
407,0,0.02964702621102333,0.011944584548473358,0.011860022321343422,0.8746449947357178,0.916768491268158,0.9094007611274719,203334.484375,157509.453125,160814.234375,154238.734375
408,3,0.021042168140411377,0.015584148466587067,0.01600528508424759,0.8914792537689209,0.8549154996871948,0.8524227142333984,175247.265625,132736.59375,128300.5703125,118310.34375
409,1,0.01283804140985012,0.009585441090166569,0.010337683372199535,0.9300720691680908,0.8698869347572327,0.8623864054679871,94281.609375,66356.25,76404.65625,79007.265625
410,7,0.01581200771033764,0.012734875082969666,0.015359479002654552,0.9186875820159912,0.868140459060669,0.8453904390335083,141037.1875,101881.3046875,104106.3984375,101872.1171875
411,7,0.010521536692976952,0.00559367798268795,0.00491690868511796,0.9315157532691956,0.932174801826477,0.9427136778831482,111193.1171875,85171.2109375,85623.703125,80757.53125
412,5,0.03789487108588219,0.022434115409851074,0.02374952659010887,0.8371463418006897,0.8358590602874756,0.8114097714424133,171161.734375,138736.53125,123964.8359375,122378.953125
413,7,0.030708085745573044,0.010777605697512627,0.008682102896273136,0.8667499423027039,0.8861169219017029,0.9050014615058899,144433.625,115626.8515625,118504.1015625,116416.2734375
414,9,0.015743084251880646,0.009972059167921543,0.00964968092739582,0.9113094210624695,0.907917320728302,0.8967698216438293,129111.734375,103967.2421875,89443.0390625,85782.75
415,7,0.014235102571547031,0.00893994141370058,0.011281521990895271,0.9199548363685608,0.9263825416564941,0.8651910424232483,122192.1640625,97432.0078125,95064.9375,90292.375
416,1,0.008561610244214535,0.0029842776712030172,0.003953333478420973,0.9578170776367188,0.9754951596260071,0.9651702642440796,92986.9140625,75288.078125,86552.2265625,84229.4140625
417,9,0.02112678997218609,0.007516035344451666,0.008773203007876873,0.898811936378479,0.9324644804000854,0.9221954941749573,123070.1484375,87980.2109375,84839.3984375,78362.671875
418,2,0.02172032557427883,0.014906451106071472,0.014287719503045082,0.8839129209518433,0.83702552318573,0.8319228887557983,155501.859375,120025.2734375,96685.5078125,105764.609375
419,1,0.01045421976596117,0.0028030190151184797,0.003366552060469985,0.9231504797935486,0.9640725255012512,0.9556249380111694,80856.1484375,59510.33203125,68752.3125,63815.8203125
420,4,0.014833550900220871,0.013591233640909195,0.013996660709381104,0.902633786201477,0.8172162175178528,0.7820613384246826,91474.8984375,82607.578125,53481.8828125,54073.8984375
421,2,0.01918482407927513,0.03234800696372986,0.03429321199655533,0.8779222965240479,0.6918240785598755,0.6396927237510681,166962.34375,126349.6015625,89387.46875,90483.9375
422,9,0.018701748922467232,0.009464841336011887,0.010432311333715916,0.9124807715415955,0.9181250333786011,0.9088696837425232,142525.265625,120648.6875,130172.7734375,124337.4140625
423,2,0.02542738802731037,0.016269071027636528,0.017053741961717606,0.8763412237167358,0.776275634765625,0.7752828001976013,145849.9375,110073.953125,95240.8125,81327.578125
424,0,0.019647475332021713,0.00886402279138565,0.009426339529454708,0.8878675103187561,0.9188528656959534,0.9099343419075012,181639.953125,145573.1875,164331.546875,144444.625
425,4,0.028065787628293037,0.03671656921505928,0.038727402687072754,0.8406159281730652,0.6701958775520325,0.6394966840744019,184812.859375,130050.8125,80743.1484375,80133.8828125
426,9,0.01502219494432211,0.009979062713682652,0.008817843161523342,0.9265658259391785,0.925543487071991,0.9432566165924072,121088.796875,98326.046875,93059.25,87694.015625
427,1,0.009682251140475273,0.002329197945073247,0.002438860945403576,0.9328814148902893,0.9668208956718445,0.9603791236877441,76716.8828125,55773.90625,67325.234375,68727.359375
428,4,0.013191046193242073,0.0246578361839056,0.030517645180225372,0.9242979288101196,0.7509077191352844,0.6956779956817627,150800.859375,125236.40625,95155.9765625,90929.9140625
429,8,0.019701579585671425,0.020899569615721703,0.022058187052607536,0.90325927734375,0.8006590604782104,0.7627866864204407,156954.984375,132981.40625,77849.859375,80665.5
430,1,0.00990544818341732,0.00298122176900506,0.0037483146879822016,0.9367778301239014,0.9535701870918274,0.9409510493278503,85078.515625,54294.2734375,71591.8828125,68878.28125
431,8,0.019986411556601524,0.025302475318312645,0.026942310854792595,0.8587847352027893,0.7426593899726868,0.7090266346931458,127490.3203125,101537.609375,70285.078125,64851.0390625
432,4,0.013421821407973766,0.021700914949178696,0.023808669298887253,0.91428542137146,0.7948537468910217,0.760870635509491,124822.015625,86287.3515625,66746.90625,66729.03125
433,5,0.01604643650352955,0.02390332520008087,0.023926975205540657,0.9070725440979004,0.7548615336418152,0.7581854462623596,138937.0625,112294.2734375,89757.4765625,96932.9453125
434,9,0.017923565581440926,0.00883503258228302,0.009848282672464848,0.9000386595726013,0.9322729110717773,0.9146713614463806,123299.3671875,93536.984375,85694.84375,89282.5703125
435,8,0.02068481035530567,0.016446780413389206,0.019425736740231514,0.8989621996879578,0.8593201637268066,0.8316425085067749,129675.6328125,111776.7734375,79659.75,78708.9140625
436,8,0.016344133764505386,0.020101621747016907,0.018025774508714676,0.9140399098396301,0.8547372221946716,0.8820402026176453,144236.484375,120662.9375,99879.4296875,93840.3671875
437,3,0.04166611656546593,0.02296515740454197,0.02032420039176941,0.8122585415840149,0.8067429661750793,0.8190440535545349,189175.421875,168779.609375,142347.484375,155280.34375
438,7,0.021868310868740082,0.010678606107831001,0.012356746010482311,0.8613858819007874,0.888030469417572,0.8681610822677612,124289.484375,81521.1171875,88225.1328125,82900.8671875
439,6,0.014138489961624146,0.009984543547034264,0.01484435610473156,0.9281542301177979,0.8979934453964233,0.8551121950149536,131853.265625,113649.2734375,100683.828125,100472.7109375
440,0,0.047492824494838715,0.014703179709613323,0.012380441650748253,0.8114949464797974,0.8836078643798828,0.8978215456008911,190253.875,153361.765625,157243.484375,158196.53125
441,0,0.032703083008527756,0.009115312248468399,0.009743590839207172,0.8301265239715576,0.9218755960464478,0.919403076171875,162359.359375,107521.46875,113108.234375,113653.0
442,3,0.025333087891340256,0.012668492272496223,0.012883174233138561,0.8801236748695374,0.901715874671936,0.8921694755554199,159366.265625,115643.8203125,116515.0703125,119790.6953125
443,0,0.012675861828029156,0.0099338972941041,0.012449345551431179,0.9072011709213257,0.8971450924873352,0.8655639886856079,99881.3046875,86269.3046875,65858.859375,54625.15234375
444,2,0.022876841947436333,0.015256830491125584,0.016934771090745926,0.8788954615592957,0.8548541069030762,0.8144864439964294,168322.28125,126131.7421875,115905.1796875,110336.0
445,6,0.018587719649076462,0.027912482619285583,0.023117220029234886,0.8839261531829834,0.7122687101364136,0.735213041305542,140372.34375,124713.84375,101215.0859375,103477.4375
446,6,0.025169726461172104,0.011363038793206215,0.010418548248708248,0.8885617852210999,0.9215510487556458,0.9261302947998047,183315.5,145048.671875,146499.015625,152654.359375
447,4,0.031883735209703445,0.020464230328798294,0.0194257665425539,0.8626394271850586,0.7847621440887451,0.8075359463691711,121681.171875,103650.109375,85787.015625,81436.1484375
448,9,0.0223908219486475,0.007429809309542179,0.009773453697562218,0.9065096378326416,0.9346843957901001,0.9196380376815796,149055.28125,129664.8515625,124167.984375,112156.3359375
449,3,0.028482874855399132,0.035600483417510986,0.03472213074564934,0.8718255162239075,0.6713714599609375,0.6683355569839478,203626.21875,168214.34375,143821.125,135869.9375
450,3,0.031023558229207993,0.012735860422253609,0.016243599355220795,0.8577404022216797,0.8742544054985046,0.8132718205451965,136050.125,116708.3203125,108948.46875,107933.171875
451,3,0.03369762748479843,0.013356393203139305,0.019844040274620056,0.8685043454170227,0.8787697553634644,0.7974637150764465,178889.59375,143298.953125,124409.21875,113540.1796875
452,2,0.01803327351808548,0.022005561739206314,0.01939748041331768,0.9007878303527832,0.7332785129547119,0.7524946331977844,138666.296875,113974.7109375,94940.8125,97587.0078125
453,3,0.02559017762541771,0.02380371280014515,0.03144574910402298,0.8594385385513306,0.7571465373039246,0.7014526128768921,181980.8125,130734.75,98314.3671875,97516.9296875
454,9,0.02049991488456726,0.0074449083767831326,0.011537957936525345,0.8998391628265381,0.9335219264030457,0.8701652884483337,153647.296875,118914.203125,114005.671875,109826.046875
455,1,0.015445022843778133,0.003614393062889576,0.0036131239030510187,0.9232041835784912,0.9551176428794861,0.9512238502502441,88825.1015625,69477.265625,84051.078125,82351.7421875
456,2,0.014121836051344872,0.013131829909980297,0.01647200621664524,0.9005396962165833,0.8262408971786499,0.7823748588562012,111084.53125,82646.546875,64293.265625,57003.23828125
457,6,0.019513443112373352,0.008214899338781834,0.00906862411648035,0.9045482277870178,0.90712571144104,0.8985507488250732,145246.46875,107648.0390625,118537.015625,117397.0390625
458,8,0.0174312312155962,0.019511444494128227,0.021819718182086945,0.9183788299560547,0.8232420086860657,0.7996272444725037,163884.578125,136053.890625,102255.6484375,113073.7109375
459,0,0.027053222060203552,0.0255984328687191,0.027089515700936317,0.8553683757781982,0.7819312810897827,0.782111644744873,201262.8125,142967.890625,117186.46875,120112.2734375
460,5,0.02188456989824772,0.01779693178832531,0.019209524616599083,0.8830718994140625,0.797614336013794,0.7877829074859619,115435.015625,81698.546875,67209.2265625,63853.33203125
461,6,0.0343722328543663,0.033838603645563126,0.03364623710513115,0.8662175536155701,0.7309413552284241,0.7452359199523926,185310.0625,133006.421875,110141.3828125,119908.796875
462,6,0.037216801196336746,0.021435387432575226,0.025673169642686844,0.8583728671073914,0.8353497982025146,0.8129852414131165,177778.859375,143601.84375,138293.640625,138652.234375
463,6,0.027230996638536453,0.008825407363474369,0.008809086866676807,0.8855354189872742,0.9086929559707642,0.9124983549118042,166021.5,137657.0,137885.34375,130548.5
464,3,0.024461766704916954,0.02245941571891308,0.022559452801942825,0.8595696091651917,0.7703649401664734,0.7729831337928772,156214.59375,129860.8984375,104969.1640625,99911.7109375
465,8,0.034672029316425323,0.023435154929757118,0.028479652479290962,0.8589625358581543,0.836432158946991,0.7946799993515015,196279.03125,142630.796875,115970.1640625,107918.9375
466,8,0.019624851644039154,0.023387940600514412,0.023823125287890434,0.9140447974205017,0.8102260828018188,0.8008889555931091,163170.625,133449.15625,107146.265625,110231.953125
467,2,0.02203318476676941,0.01387996319681406,0.015390424989163876,0.8893399834632874,0.810146152973175,0.8048993945121765,155339.359375,134512.75,111552.6953125,108727.3828125
468,7,0.02782485820353031,0.02348180115222931,0.0304254163056612,0.8875985741615295,0.7833809852600098,0.7120423316955566,161978.453125,136096.328125,107565.5,97675.4453125
469,5,0.03615545481443405,0.02117890864610672,0.017991814762353897,0.849020779132843,0.8054267764091492,0.7772840857505798,165001.453125,124015.8046875,107048.0390625,100849.6328125
470,8,0.01833023875951767,0.015115058980882168,0.012547289952635765,0.9012177586555481,0.8916428089141846,0.9073781967163086,160934.46875,135775.625,111329.8359375,117146.21875
471,9,0.014108547009527683,0.008954087272286415,0.01055663637816906,0.901480495929718,0.9038610458374023,0.8879600167274475,96395.6484375,75241.515625,76941.4453125,68680.078125
472,6,0.018051963299512863,0.016070285812020302,0.013155486434698105,0.8977341651916504,0.8382322192192078,0.8761175274848938,151516.1875,116665.765625,104127.5078125,104514.328125
473,1,0.006737945601344109,0.0032547248993068933,0.003128414275124669,0.9409312009811401,0.9491032958030701,0.9430321455001831,64949.859375,42615.19921875,45706.41796875,47838.25390625
474,8,0.03593672066926956,0.01393753383308649,0.017817825078964233,0.8579766154289246,0.9022484421730042,0.8522858023643494,176162.453125,142826.40625,137785.734375,129591.265625
475,4,0.04029354453086853,0.025226108729839325,0.027586381882429123,0.8327448964118958,0.780121922492981,0.7587108612060547,156817.40625,135620.859375,104380.28125,95215.59375
476,1,0.011155189946293831,0.0029041501693427563,0.002464831806719303,0.9427158236503601,0.9547292590141296,0.9610196352005005,88601.4140625,68339.7734375,78459.109375,77300.8125
477,2,0.022947967052459717,0.026913193985819817,0.026438094675540924,0.8817540407180786,0.7142863273620605,0.7276520133018494,164244.1875,125447.8046875,96275.5390625,78631.484375
478,5,0.017778022214770317,0.022347887977957726,0.025086235255002975,0.9009453654289246,0.7436221241950989,0.713314414024353,131057.953125,105978.1953125,79517.9609375,73585.34375
479,9,0.023898810148239136,0.019132453948259354,0.02098688669502735,0.8537883162498474,0.8317660689353943,0.812495231628418,157946.046875,114934.515625,91498.3046875,85679.734375
480,1,0.006081914063543081,0.006466839928179979,0.006767525803297758,0.9463707804679871,0.8959549069404602,0.8825615048408508,76609.7109375,69387.0078125,71801.9140625,70795.15625
481,9,0.024447046220302582,0.00924687460064888,0.009723530150949955,0.8859657645225525,0.9226823449134827,0.912029504776001,137402.421875,93253.0,107523.5390625,106558.34375
482,7,0.020616859197616577,0.018181748688220978,0.01918250136077404,0.8833471536636353,0.8321763277053833,0.8051937222480774,140848.71875,98708.1953125,84228.765625,79930.1484375
483,5,0.012725360691547394,0.020449837669730186,0.021218951791524887,0.9084363579750061,0.7452549934387207,0.7206940650939941,93603.2421875,71322.265625,34932.92578125,41167.484375
484,4,0.017212366685271263,0.012117382138967514,0.013778146356344223,0.8839610815048218,0.8494573831558228,0.8321877717971802,128098.7109375,97211.53125,83462.09375,77952.484375
485,0,0.02170700952410698,0.00757397199049592,0.008138608187437057,0.8771031498908997,0.9363226294517517,0.925704300403595,163581.546875,132661.953125,123623.1328125,123641.296875
486,8,0.021898755803704262,0.026652052998542786,0.032052379101514816,0.8633885383605957,0.7461841702461243,0.6645272374153137,173190.203125,121644.46875,92150.0625,73256.703125
487,9,0.023373492062091827,0.011876251548528671,0.014469467103481293,0.8990570306777954,0.9000480771064758,0.8766592741012573,139058.96875,100047.2421875,92258.5078125,95789.8125
488,9,0.015897611156105995,0.014473657123744488,0.015418278984725475,0.9144198298454285,0.8618961572647095,0.8716128468513489,120661.203125,97652.9765625,83792.296875,75486.5
489,1,0.008306305855512619,0.0029079883825033903,0.0034458721056580544,0.9499722719192505,0.9572920203208923,0.9452126622200012,76080.1484375,64320.18359375,69066.4921875,67305.015625
490,0,0.022145450115203857,0.01681514084339142,0.017475353553891182,0.8704901337623596,0.8208749294281006,0.7836999297142029,145395.484375,100514.671875,88172.9140625,84308.3125
491,5,0.017165174707770348,0.00981209147721529,0.013874522410333157,0.8984499573707581,0.8899198174476624,0.8459482789039612,145945.34375,108248.8671875,115162.875,112731.2109375
492,2,0.02914983592927456,0.02829243615269661,0.033334217965602875,0.8724068999290466,0.7869634628295898,0.7045163512229919,183531.296875,129706.796875,108015.9375,94347.6640625
493,3,0.02493007853627205,0.022917600348591805,0.027507727965712547,0.8903697729110718,0.7944507002830505,0.7284467816352844,217160.328125,184476.1875,164478.78125,155136.390625
494,7,0.024787873029708862,0.009987405501306057,0.01025453582406044,0.8757093548774719,0.8929792046546936,0.885432779788971,139274.265625,87812.1171875,116566.9296875,112518.75
495,8,0.03290722146630287,0.023700879886746407,0.02611466683447361,0.8635271787643433,0.8166321516036987,0.8014447689056396,164207.46875,140881.359375,114793.703125,107144.46875
496,9,0.01596922054886818,0.008198264986276627,0.009940573945641518,0.9145727157592773,0.918594241142273,0.9065040946006775,130832.015625,102460.8515625,107019.21875,111630.7421875
497,4,0.01469566859304905,0.011156191118061543,0.012628588825464249,0.9224966168403625,0.8957625031471252,0.8843294978141785,116266.9765625,97841.5625,76755.4375,74734.828125
498,0,0.014981946907937527,0.010636231862008572,0.012560645118355751,0.9232659935951233,0.9060810208320618,0.8942610025405884,160500.234375,126685.171875,123966.5625,118830.0
499,6,0.01157414447516203,0.007416462060064077,0.011712336912751198,0.9156453609466553,0.9299548268318176,0.8695038557052612,84205.8046875,73950.84375,55597.6015625,47778.453125
500,3,0.029502615332603455,0.016183702275156975,0.019046969711780548,0.8570292592048645,0.8494740724563599,0.8302523493766785,169340.921875,124008.3046875,126351.6015625,137108.671875
501,9,0.029872911050915718,0.015585828572511673,0.016675220802426338,0.8728330731391907,0.8577876091003418,0.8552262187004089,186664.265625,139533.390625,138793.53125,139756.921875
502,5,0.02496582642197609,0.01812480017542839,0.017813896760344505,0.8717540502548218,0.8075290322303772,0.8055222034454346,133596.1875,93964.1640625,70255.5,84663.90625
503,2,0.032444898039102554,0.01687278226017952,0.018054531887173653,0.8683347105979919,0.8260290622711182,0.809198796749115,201319.65625,174098.359375,139811.328125,139770.765625
504,1,0.010482867248356342,0.002637801691889763,0.003487953683361411,0.9246374368667603,0.9617618322372437,0.9485997557640076,69776.8046875,49732.3203125,56551.90625,53633.44140625
505,3,0.02828996069729328,0.012833680026233196,0.01274148654192686,0.8556880950927734,0.8582330942153931,0.8621087670326233,153835.859375,116174.4296875,109199.953125,109178.5078125
506,1,0.007926182821393013,0.0038140120450407267,0.003924346528947353,0.9537565112113953,0.9472053647041321,0.9419323205947876,77860.6640625,68631.765625,68995.359375,61397.6171875
507,3,0.022437524050474167,0.016894690692424774,0.01761213317513466,0.9008288979530334,0.8457034230232239,0.8371587991714478,135023.484375,104917.1171875,87617.4453125,83961.5
508,6,0.016381319612264633,0.011007552966475487,0.012837463058531284,0.9242404103279114,0.8715401291847229,0.8534226417541504,152440.34375,126245.8984375,112082.609375,100899.96875
509,5,0.018878493458032608,0.016990812495350838,0.01515486091375351,0.8732776641845703,0.8253765106201172,0.8036331534385681,155205.09375,122836.234375,96084.7109375,94753.546875
510,7,0.01556464284658432,0.017568454146385193,0.019147714599967003,0.9093821048736572,0.8284830451011658,0.8242353796958923,149650.1875,112682.40625,107450.7109375,105207.9765625
511,4,0.013297833502292633,0.011914053931832314,0.010095590725541115,0.9097878336906433,0.8456853628158569,0.8542160987854004,98317.203125,78024.7578125,68192.1484375,51960.56640625
512,2,0.016426989808678627,0.015111057087779045,0.018078889697790146,0.8978304266929626,0.8110983371734619,0.7718217372894287,137717.640625,107747.546875,90346.265625,87851.3359375
513,2,0.030675936490297318,0.023363951593637466,0.025462374091148376,0.8541389107704163,0.7886082530021667,0.7588843107223511,162672.546875,134859.09375,106988.953125,100770.6484375
514,6,0.033111732453107834,0.02887219749391079,0.037146635353565216,0.8655127286911011,0.7175390124320984,0.6409754753112793,208033.421875,153203.5625,119417.734375,101147.5
515,3,0.01064870972186327,0.008640043437480927,0.009745937772095203,0.9249008297920227,0.8804904818534851,0.8675912022590637,103245.3984375,87306.8359375,74366.9140625,68043.3984375
516,2,0.020005352795124054,0.0394509918987751,0.036852993071079254,0.8861269354820251,0.6092491745948792,0.590043306350708,167496.53125,136885.15625,70882.828125,64375.15234375
517,6,0.026949847117066383,0.015497319400310516,0.017857756465673447,0.8675499558448792,0.8488016724586487,0.8356920480728149,145634.0625,117652.7734375,85294.6484375,83555.1796875
518,5,0.023354658856987953,0.027268093079328537,0.022724272683262825,0.8528562188148499,0.7395380735397339,0.7713873386383057,161401.03125,110370.2421875,86774.484375,82222.796875
519,4,0.016756733879446983,0.007840213365852833,0.007567360065877438,0.9076902270317078,0.9097727537155151,0.9108951687812805,118067.21875,90464.015625,94080.5703125,79170.59375
520,8,0.012109974399209023,0.010911826975643635,0.011588926427066326,0.9326836466789246,0.8846166729927063,0.8721901774406433,114762.7109375,103944.546875,83071.1171875,65231.79296875
521,9,0.012889890931546688,0.008120724931359291,0.011034011840820312,0.9378992915153503,0.9340696930885315,0.8833051323890686,106622.203125,88561.3125,85626.2734375,87531.265625
522,7,0.023777198046445847,0.015689676627516747,0.016636904329061508,0.8559302091598511,0.8223644495010376,0.8090634942054749,156613.0625,109047.1171875,105287.6484375,114513.3984375
523,1,0.009013588540256023,0.013199915178120136,0.013431793078780174,0.9346277713775635,0.8152173757553101,0.7954235076904297,93595.3984375,75488.734375,63850.81640625,70319.90625
524,3,0.018276793882250786,0.02764226868748665,0.028453465551137924,0.8801227807998657,0.6837132573127747,0.6831524968147278,165285.765625,122455.953125,62720.25390625,61986.96875
525,0,0.02352289669215679,0.008087101392447948,0.008190247230231762,0.8781582117080688,0.9286017417907715,0.9264196157455444,186438.765625,149431.546875,156350.15625,154573.796875
526,3,0.03294706344604492,0.013591067865490913,0.019197318702936172,0.8297398686408997,0.8596097230911255,0.8088766932487488,159617.265625,119411.484375,121940.8125,114197.5859375
527,8,0.04013141244649887,0.0347306951880455,0.031710054725408554,0.8213672041893005,0.7225317358970642,0.7295960187911987,231233.171875,170056.125,136385.125,144065.15625
528,3,0.022782709449529648,0.02907559834420681,0.034897249191999435,0.8653460741043091,0.6594549417495728,0.5991140604019165,154617.03125,107335.2421875,50152.72265625,55263.01953125
529,1,0.0096892723813653,0.001670971279963851,0.0018534075934439898,0.9516283869743347,0.981512725353241,0.9796187281608582,92596.078125,76493.8359375,86221.90625,84388.671875
530,9,0.0211753249168396,0.013787909410893917,0.015876803547143936,0.8848450183868408,0.871603786945343,0.8515126705169678,125779.0625,91888.546875,88599.671875,91586.6328125
531,3,0.016346214339137077,0.015168356709182262,0.01488184928894043,0.9037789702415466,0.8377029895782471,0.7959885001182556,123254.234375,96165.0625,67994.6640625,65728.359375
532,4,0.01921894960105419,0.010611806064844131,0.014717645943164825,0.903445839881897,0.9074473977088928,0.8643829822540283,137360.625,99964.296875,97514.5859375,95662.9609375
533,4,0.03009393997490406,0.014999644830822945,0.013819416053593159,0.8276016712188721,0.8132246136665344,0.8261812925338745,155748.390625,103739.75,102961.828125,95396.328125
534,6,0.02416687086224556,0.010924171656370163,0.010544859804213047,0.885016918182373,0.8967255353927612,0.9004707932472229,142878.953125,118379.25,116145.5390625,117564.953125
535,4,0.02496366575360298,0.028623895719647408,0.026086043566465378,0.8362798094749451,0.7192178964614868,0.722628653049469,165692.671875,121453.53125,98070.0,96481.546875
536,2,0.016933726146817207,0.02268601581454277,0.021563103422522545,0.9018744230270386,0.7186974287033081,0.732473611831665,130994.6171875,102916.5703125,67344.28125,70357.4375
537,1,0.013211415149271488,0.0022656971123069525,0.0028018199373036623,0.9101849794387817,0.9709262847900391,0.9561968445777893,84728.3671875,58488.515625,71883.40625,67536.46875
538,8,0.012047684751451015,0.016426555812358856,0.018760744482278824,0.9099507331848145,0.8296686410903931,0.8043298125267029,105774.78125,91777.21875,58370.30078125,64261.37109375
539,2,0.03958791121840477,0.02140386775135994,0.020591458305716515,0.8280826210975647,0.8197266459465027,0.8183755278587341,161337.328125,136273.5,115252.75,110342.9765625
540,5,0.027037452906370163,0.026503251865506172,0.02969229407608509,0.8655223250389099,0.7422771453857422,0.7271482944488525,183730.078125,136587.09375,103244.015625,108761.8984375
541,4,0.02330044098198414,0.009073259308934212,0.008655951358377934,0.880952000617981,0.896899938583374,0.8962081670761108,147491.5,104646.234375,124264.6875,122258.1015625
542,8,0.014479173347353935,0.01937577873468399,0.019792765378952026,0.8751695156097412,0.734346330165863,0.7330717444419861,83961.96875,75431.5390625,46453.8671875,38193.609375
543,8,0.01403780560940504,0.043493445962667465,0.048511799424886703,0.9268500208854675,0.6708616614341736,0.652654767036438,142569.625,123182.515625,61702.04296875,53953.671875
544,4,0.022907990962266922,0.02322014421224594,0.023832928389310837,0.8729114532470703,0.7843713164329529,0.7838709950447083,143250.03125,115033.171875,102598.703125,98834.0625
545,0,0.021865926682949066,0.011780507862567902,0.009910603985190392,0.8563700914382935,0.8907252550125122,0.9088215827941895,152530.03125,121372.0390625,116007.28125,108617.2734375
546,0,0.02276907116174698,0.014631920494139194,0.01595454476773739,0.8931704163551331,0.8599151372909546,0.8387261033058167,186313.875,148321.921875,138870.671875,142403.453125
547,2,0.026326442137360573,0.021973423659801483,0.022170908749103546,0.875972330570221,0.7644442915916443,0.762467086315155,175635.09375,131253.4375,120351.140625,111211.78125
548,3,0.016350125893950462,0.016570020467042923,0.01504128985106945,0.8952209949493408,0.8109673261642456,0.8251699209213257,135265.03125,109795.5859375,94501.015625,93374.59375
549,2,0.033426880836486816,0.029909763485193253,0.031387653201818466,0.8464391231536865,0.7289174795150757,0.7323608994483948,200977.0625,163669.5625,116514.5859375,109699.7109375
550,7,0.013515925034880638,0.01193971373140812,0.01444154977798462,0.9119260907173157,0.8514649271965027,0.8230193853378296,104558.9140625,87066.0625,70615.6484375,71986.5625
551,7,0.014854471199214458,0.016521207988262177,0.01839102804660797,0.9095945954322815,0.7987248301506042,0.7775934934616089,113198.8984375,79892.9453125,65423.84375,57246.98828125
552,0,0.03574232757091522,0.023302126675844193,0.021743599325418472,0.8604668378829956,0.8318082094192505,0.8275525569915771,154853.6875,133652.6875,117595.96875,115612.40625
553,8,0.030363377183675766,0.021647023037075996,0.021537430584430695,0.8454951047897339,0.7968493103981018,0.7977463603019714,175700.203125,125139.203125,101189.0390625,97100.53125
554,7,0.021471872925758362,0.02519121952354908,0.025438297539949417,0.8886701464653015,0.7181618213653564,0.7036769390106201,142446.28125,109109.4296875,91899.40625,86327.34375
555,4,0.01640363782644272,0.012015669606626034,0.014838524162769318,0.8800731897354126,0.8457869291305542,0.8036926984786987,115058.5703125,84487.96875,69429.90625,64349.42578125
556,4,0.03758943825960159,0.015889616683125496,0.02076328545808792,0.8408491015434265,0.8334043622016907,0.7783553004264832,159372.859375,128513.8984375,119502.3125,112915.53125
557,7,0.02493749000132084,0.009422542527318,0.009869062341749668,0.8831642270088196,0.9037732481956482,0.8998983502388,125461.640625,97110.75,102585.828125,104811.0390625
558,9,0.0215078666806221,0.0081901540979743,0.010746479034423828,0.8796018958091736,0.935186505317688,0.9049786925315857,137718.5625,97185.21875,104257.96875,101010.3359375
559,6,0.03277820721268654,0.019715793430805206,0.020570676773786545,0.8654836416244507,0.8000075221061707,0.7989972233772278,151015.203125,126640.875,123243.3359375,116839.8515625
560,9,0.015297670848667622,0.010119851678609848,0.010880328714847565,0.8984610438346863,0.9127835631370544,0.8999134302139282,110126.78125,77779.828125,84208.9140625,77720.796875
561,0,0.017727699130773544,0.022251615300774574,0.025867052376270294,0.9013887047767639,0.8099709749221802,0.7559741735458374,174651.0,141522.75,144173.03125,123625.3671875
562,9,0.014042776077985764,0.01592395268380642,0.016147306188941002,0.8948251008987427,0.8443196415901184,0.8269823789596558,113165.8359375,79794.8828125,79728.4140625,74500.3046875
563,8,0.01950937882065773,0.01577468402683735,0.016288943588733673,0.8874889016151428,0.8820948600769043,0.8756172060966492,148010.09375,107087.0,96634.9765625,98460.078125
564,0,0.020858554169535637,0.011960705742239952,0.013542602770030499,0.875128448009491,0.8790508508682251,0.8553724884986877,156953.46875,108728.5703125,97530.765625,107070.171875
565,4,0.016293596476316452,0.019506845623254776,0.021917028352618217,0.9290604591369629,0.8038822412490845,0.7890806794166565,140371.0625,108100.5703125,80654.53125,76860.1796875
566,6,0.01370704360306263,0.011734132654964924,0.012691010721027851,0.9148615598678589,0.8477751612663269,0.8337205052375793,85273.9453125,71121.7109375,57010.2265625,50831.37109375
567,0,0.015049060806632042,0.01221479196101427,0.01250367984175682,0.8906095027923584,0.8551537990570068,0.8445074558258057,118714.7109375,98719.9765625,86294.8359375,75302.265625
568,6,0.024940069764852524,0.007472769357264042,0.008178921416401863,0.8788800239562988,0.9346232414245605,0.9244695901870728,153038.046875,114269.4296875,107760.2421875,100627.6484375
569,3,0.02050388976931572,0.01858065463602543,0.019163230434060097,0.8937698602676392,0.8042221069335938,0.7736269235610962,139059.59375,113823.453125,97799.734375,78432.4140625
570,5,0.02132156305015087,0.031206918880343437,0.03127831220626831,0.9006760716438293,0.7259168028831482,0.7516812682151794,162352.296875,139247.953125,102643.640625,91634.8828125
571,4,0.016474192962050438,0.009542928077280521,0.010738085955381393,0.9214027523994446,0.9132835865020752,0.8893077373504639,135096.375,110628.234375,103345.578125,100989.546875
572,8,0.019645625725388527,0.015930304303765297,0.017954424023628235,0.9128530621528625,0.8967339396476746,0.8960610032081604,156377.359375,119117.84375,104159.1171875,109091.6328125
573,3,0.022620903328061104,0.008635037578642368,0.011770997196435928,0.8823891878128052,0.9229608178138733,0.8917043209075928,163869.875,122209.4296875,124934.46875,120225.671875
574,3,0.016068795695900917,0.010496903210878372,0.01149642001837492,0.9016525745391846,0.8685455322265625,0.8630247712135315,156491.21875,121168.6328125,112658.7109375,117004.8046875
575,9,0.029653726145625114,0.007472263183444738,0.009567906148731709,0.8809652924537659,0.9476258754730225,0.934746265411377,129091.6875,106501.46875,103520.6328125,100730.4296875
576,3,0.023789940401911736,0.020111501216888428,0.019194137305021286,0.8931917548179626,0.8021799325942993,0.7743141055107117,156610.734375,132430.15625,108531.9140625,110110.484375
577,3,0.022047147154808044,0.015410838648676872,0.017490077763795853,0.8888911604881287,0.8262563943862915,0.7763330936431885,127297.3828125,105368.6328125,91121.9609375,86442.0078125
578,3,0.01334482990205288,0.022840475663542747,0.02555674873292446,0.9326733946800232,0.7570008635520935,0.7339308261871338,153311.265625,145219.34375,123505.0625,117617.1015625
579,7,0.01844758912920952,0.010225201956927776,0.009690548293292522,0.8998759984970093,0.8885270357131958,0.8938179612159729,125703.515625,86123.640625,85346.265625,86949.0
580,8,0.037536200135946274,0.011622589081525803,0.010035133920609951,0.8508458137512207,0.8881505131721497,0.8968625068664551,131939.15625,115598.1171875,99905.9609375,98514.0390625
581,0,0.028029771521687508,0.016821876168251038,0.020642070099711418,0.860941469669342,0.8484185338020325,0.8050163388252258,198949.953125,146078.0625,139865.75,141663.6875
582,8,0.012907179072499275,0.014215223491191864,0.01599658653140068,0.913199245929718,0.841547966003418,0.7780148983001709,110812.8515625,95359.8125,69924.4453125,62074.81640625
583,2,0.020328406244516373,0.02979893609881401,0.03246881812810898,0.8757800459861755,0.6617891788482666,0.6294039487838745,165719.28125,127052.3984375,92037.4453125,85434.1328125
584,1,0.015520677901804447,0.004254520405083895,0.005548593122512102,0.9312772154808044,0.9367904663085938,0.9126232266426086,87910.3046875,69903.71875,76695.109375,74403.3671875
585,7,0.01409507729113102,0.006223856005817652,0.006613198667764664,0.9192856550216675,0.9207509756088257,0.9310467839241028,128062.34375,96360.578125,108099.9140625,102329.109375
586,0,0.015577965416014194,0.012799608521163464,0.013357588090002537,0.8983138799667358,0.871993362903595,0.8635287284851074,149870.828125,140120.390625,126079.53125,131175.921875
587,6,0.028256868943572044,0.016689220443367958,0.01377263106405735,0.8811773061752319,0.8373064398765564,0.8712529540061951,153913.78125,132920.296875,116911.8515625,116941.234375
588,5,0.034512151032686234,0.016248296946287155,0.018154926598072052,0.8334622383117676,0.8189433813095093,0.7789713144302368,188271.796875,133037.765625,119383.5625,121127.46875
589,4,0.014570778235793114,0.008959178812801838,0.011072679422795773,0.8851629495620728,0.8733649849891663,0.8414809107780457,109151.671875,83978.09375,78584.15625,69004.1171875
590,3,0.03309176117181778,0.01605495624244213,0.016567371785640717,0.8554084897041321,0.837860643863678,0.8309243321418762,197151.671875,151809.734375,161578.421875,158461.625
591,8,0.016165204346179962,0.017890581861138344,0.018898943439126015,0.9084643125534058,0.8539631962776184,0.8172004818916321,144560.5,121390.8359375,101704.609375,101882.515625
592,0,0.03064408339560032,0.01279432326555252,0.013227364979684353,0.8585902452468872,0.887829065322876,0.8822583556175232,192927.1875,150516.703125,161943.046875,161750.96875
593,9,0.02230769768357277,0.01319979876279831,0.015163303352892399,0.8854995965957642,0.9066881537437439,0.8980669379234314,127644.953125,106488.140625,93343.734375,89578.0625
594,6,0.024947527796030045,0.008443698287010193,0.007285489700734615,0.889398992061615,0.9211024045944214,0.9364391565322876,140252.859375,100995.7109375,115221.5703125,111391.203125
595,3,0.018699727952480316,0.01617511920630932,0.014908510260283947,0.8927659392356873,0.8236191272735596,0.8076042532920837,162240.265625,119324.8828125,108759.0,106912.609375
596,8,0.024504300206899643,0.02980067953467369,0.034751467406749725,0.8677546977996826,0.7788543701171875,0.6977465152740479,186570.4375,145292.265625,106841.3984375,78037.125
597,0,0.021820422261953354,0.014526776038110256,0.014456026256084442,0.8876932859420776,0.8826723694801331,0.8779109716415405,165459.015625,125540.1328125,115472.1484375,113231.75
598,9,0.02009683847427368,0.007296622730791569,0.010377268306910992,0.9077456593513489,0.9408780932426453,0.9093974828720093,138157.03125,114132.53125,111619.5703125,114623.6484375
599,9,0.024144481867551804,0.007736261934041977,0.006833388935774565,0.8854331970214844,0.9302191734313965,0.9433925747871399,159375.671875,119995.5,130157.21875,133234.421875
600,6,0.016921987757086754,0.00928080640733242,0.01190172228962183,0.900005578994751,0.9081381559371948,0.8726456165313721,133777.828125,108936.0625,105890.609375,98302.5078125
601,8,0.02236160822212696,0.017677154392004013,0.02216256782412529,0.8910823464393616,0.8189331293106079,0.7721771001815796,132403.015625,102107.6796875,70418.078125,64988.9375
602,6,0.03048153780400753,0.02092198096215725,0.01987404003739357,0.867867112159729,0.8259862065315247,0.8286179304122925,186731.8125,139488.125,154686.125,147432.203125
603,8,0.020119931548833847,0.02000441588461399,0.02047043852508068,0.8873617053031921,0.8170819878578186,0.7974457740783691,150854.0625,122647.96875,83904.2265625,76894.171875
604,5,0.021639851853251457,0.015087180770933628,0.015858834609389305,0.8995809555053711,0.8653923273086548,0.864739716053009,151528.75,106931.90625,104518.25,104504.609375
605,7,0.017522262409329414,0.013148808851838112,0.011423946358263493,0.907950222492218,0.8555431365966797,0.8728441596031189,126506.28125,98523.1640625,99789.0,91866.6640625
606,8,0.01993159018456936,0.023199208080768585,0.023480892181396484,0.8776306509971619,0.8258835673332214,0.8176563382148743,165074.515625,128065.1796875,100897.53125,110589.78125
607,6,0.025376297533512115,0.016095224767923355,0.016833895817399025,0.8769092559814453,0.84475177526474,0.861513078212738,147071.203125,107220.546875,85582.4296875,91907.1640625
608,0,0.025600489228963852,0.01343031506985426,0.013606812804937363,0.8574788570404053,0.8572390675544739,0.8589012026786804,186578.53125,140818.828125,139182.625,121855.0625
609,2,0.011938512325286865,0.014356737025082111,0.012783782556653023,0.9252099394798279,0.8279650211334229,0.8349871039390564,138525.71875,128585.53125,117693.5703125,111869.453125
610,4,0.023688068613409996,0.0330200269818306,0.030300699174404144,0.871768057346344,0.6467799544334412,0.6234392523765564,147642.671875,110370.3671875,85898.734375,79045.5625
611,0,0.029057497158646584,0.02319672890007496,0.02504728175699711,0.8692701458930969,0.8049168586730957,0.79779052734375,190025.828125,153729.71875,144543.796875,125781.0625
612,2,0.028997821733355522,0.02740504778921604,0.02698991261422634,0.8636534214019775,0.7583861947059631,0.775475025177002,156871.390625,125215.9765625,88204.3671875,75468.4609375
613,2,0.010678152553737164,0.009469973854720592,0.010252032428979874,0.9218418002128601,0.8650093674659729,0.846864640712738,98747.6796875,94336.4296875,81675.828125,62426.96875
614,3,0.013546559028327465,0.005893848370760679,0.006687948014587164,0.9114665985107422,0.9064062833786011,0.9010807275772095,94132.78125,73321.40625,61483.53125,58383.28515625
615,1,0.016542989760637283,0.0065567949786782265,0.006260601803660393,0.9146156907081604,0.9130852222442627,0.9009113311767578,103476.140625,77717.3828125,86903.609375,81628.6328125
616,9,0.014752356335520744,0.007752710487693548,0.013922086916863918,0.9198787808418274,0.9401562809944153,0.8611405491828918,128605.609375,99706.3984375,97320.9609375,84529.2109375
617,7,0.03078964166343212,0.02199423685669899,0.02478579245507717,0.8635501861572266,0.7474517822265625,0.7261946201324463,163838.109375,121406.6171875,97766.4296875,87726.4375
618,5,0.024793317541480064,0.019617196172475815,0.021228253841400146,0.8735968470573425,0.8197683691978455,0.7948758006095886,168012.765625,141466.5625,136529.484375,137990.828125
619,1,0.026170846074819565,0.014597734436392784,0.015862368047237396,0.8685241937637329,0.8549515604972839,0.8425565958023071,104185.046875,84339.78125,77848.8828125,70092.4140625
620,0,0.02865271084010601,0.01460880134254694,0.01799928769469261,0.8330526947975159,0.8828611969947815,0.855797290802002,171238.765625,116219.609375,119035.515625,116449.078125
621,8,0.017854999750852585,0.013525720685720444,0.012264033779501915,0.9107673764228821,0.8909737467765808,0.8989535570144653,139602.71875,104039.75,86715.9296875,83708.0625
622,4,0.017673494294285774,0.011769372038543224,0.010868384502828121,0.9149541258811951,0.8752877116203308,0.8814454078674316,156566.546875,128393.3125,127882.875,122352.2421875
623,6,0.025997934862971306,0.004407890606671572,0.006060125771909952,0.8873493075370789,0.9618039727210999,0.9472857117652893,120185.9453125,98890.75,105569.9765625,99389.734375
624,2,0.011901932768523693,0.012419971637427807,0.014676285907626152,0.9300971031188965,0.8361735343933105,0.7968884706497192,125463.8515625,119091.34375,110515.3828125,89577.9765625
625,6,0.029537934809923172,0.03354776278138161,0.0332907997071743,0.8743144273757935,0.7097144722938538,0.7276915311813354,169793.765625,137040.53125,110674.4765625,109981.6171875
626,7,0.025225600227713585,0.009228314273059368,0.010404679924249649,0.8657754063606262,0.8890559673309326,0.8722323775291443,151425.765625,101540.609375,114263.3984375,108803.46875
627,9,0.015324668027460575,0.012750965543091297,0.013506380841135979,0.9236252307891846,0.8772973418235779,0.8528764247894287,125643.265625,101420.2421875,88346.7421875,86311.7734375
628,3,0.020638173446059227,0.02674434334039688,0.027639461681246758,0.8945554494857788,0.790593683719635,0.7641540765762329,146344.140625,99986.609375,82073.7421875,74364.796875
629,2,0.02217048406600952,0.027709899470210075,0.028588581830263138,0.8505905270576477,0.6892606616020203,0.7023727893829346,138521.8125,107452.140625,60834.60546875,68380.9296875
630,9,0.01569286547601223,0.00828343816101551,0.008969633840024471,0.895858883857727,0.9071738123893738,0.9112173914909363,123320.765625,92106.5078125,79863.7890625,75756.1640625
631,8,0.03139491751790047,0.03198520094156265,0.038235727697610855,0.8464725613594055,0.7196003794670105,0.6927413940429688,182457.828125,135060.546875,106584.53125,105895.9296875
632,2,0.029061533510684967,0.020033525303006172,0.021138949319720268,0.8740108013153076,0.8023732900619507,0.7864031791687012,148418.53125,118283.28125,105707.3828125,113471.3203125
633,2,0.018715837970376015,0.01497812382876873,0.015444149263203144,0.9118186831474304,0.8481824398040771,0.8420248627662659,154055.296875,118280.75,101778.578125,95624.3984375
634,9,0.022317837923765182,0.007483209948986769,0.007875019684433937,0.9082235097885132,0.925203263759613,0.9202260375022888,181967.796875,146051.546875,152120.125,148969.125
635,2,0.013268642127513885,0.014785373583436012,0.012947385199368,0.9186511635780334,0.8414660096168518,0.8562343120574951,124129.8359375,114092.96875,100407.8671875,89641.203125
636,7,0.01693984679877758,0.01330063957720995,0.014946083538234234,0.879205048084259,0.8507154583930969,0.836273729801178,128514.7734375,84028.3828125,71520.296875,68149.0078125
637,3,0.019432388246059418,0.023769261315464973,0.023337693884968758,0.893366277217865,0.7668826580047607,0.7727913856506348,166778.75,134666.015625,96555.6953125,97898.8515625
638,5,0.016422538086771965,0.016797272488474846,0.020716333761811256,0.9091923832893372,0.7985349893569946,0.750819742679596,131993.015625,104867.375,70396.015625,73630.6328125
639,9,0.024589817970991135,0.007823225110769272,0.008522209711372852,0.8956203460693359,0.9315452575683594,0.9269022345542908,128951.9375,103029.578125,104911.78125,97342.1015625
640,1,0.015076817944645882,0.006232894491404295,0.0059054261073470116,0.9139683842658997,0.9354817867279053,0.937007486820221,90125.734375,73391.03125,77616.9765625,78516.0546875
641,8,0.021548468619585037,0.016982542350888252,0.01838276907801628,0.9035698771476746,0.8625794649124146,0.8549438714981079,175841.46875,140551.5625,137211.046875,133231.53125
642,0,0.02131320722401142,0.01659359596669674,0.017689909785985947,0.8915730714797974,0.8750222325325012,0.8580701947212219,169940.15625,128657.75,126690.265625,116797.3046875
643,2,0.026160916313529015,0.01549280621111393,0.014874146319925785,0.8683505654335022,0.8094303011894226,0.8253819942474365,166496.53125,124079.5390625,115879.5625,112564.4296875
644,0,0.021233806386590004,0.007374171633273363,0.007777460850775242,0.8900966644287109,0.9442791938781738,0.9266340136528015,175781.40625,135067.265625,140488.28125,138868.375
645,5,0.022855857387185097,0.005950880702584982,0.009227553382515907,0.8964627385139465,0.9524051547050476,0.8964880704879761,131276.21875,116616.8828125,111291.1953125,107681.25
646,2,0.01612330600619316,0.022198429331183434,0.02068185992538929,0.891739010810852,0.6929444074630737,0.6932414770126343,110589.2421875,97267.078125,50977.18359375,42089.7734375
647,1,0.012524610385298729,0.002480196999385953,0.0028892001137137413,0.9278572797775269,0.9640470743179321,0.9545907378196716,88099.765625,56500.05859375,74764.546875,74610.234375
648,3,0.04332687705755234,0.019059035927057266,0.020409587770700455,0.8242658376693726,0.8332182765007019,0.8118655681610107,211077.859375,162284.109375,157807.890625,169961.703125
649,7,0.014295001514256,0.009933491237461567,0.009109266102313995,0.8906054496765137,0.882961630821228,0.8725380301475525,105269.7109375,76929.59375,80946.5390625,69825.5
650,6,0.01902400702238083,0.011380324140191078,0.012239587493240833,0.8678218126296997,0.8836663365364075,0.8691139221191406,125031.0625,86721.2265625,89549.171875,85788.8671875
651,7,0.018675412982702255,0.006338134407997131,0.006524201016873121,0.9171709418296814,0.9416914582252502,0.927839994430542,135862.875,122719.6640625,120808.8984375,112259.5703125
652,1,0.0114681301638484,0.0054087345488369465,0.005852705333381891,0.9391851425170898,0.9367308020591736,0.936789333820343,93679.7109375,58944.671875,75308.1953125,76002.5390625
653,2,0.021037379279732704,0.02723083645105362,0.026106905192136765,0.8746106624603271,0.6691869497299194,0.6917147040367126,133436.828125,114673.265625,86563.34375,91863.8046875
654,5,0.030035069212317467,0.04759048670530319,0.049289532005786896,0.8321168422698975,0.6186805963516235,0.6059807538986206,201237.140625,148554.625,81888.140625,95471.3125
655,8,0.037656717002391815,0.03721339628100395,0.0477081760764122,0.8356866240501404,0.6542989611625671,0.5894321799278259,184007.875,144397.78125,122831.1640625,119760.5703125
656,0,0.0245574489235878,0.016207439824938774,0.02711956389248371,0.8843237161636353,0.8843826055526733,0.7926588654518127,204207.0,166446.390625,172556.453125,160206.21875
657,3,0.025899188593029976,0.0192608293145895,0.02116127870976925,0.875103771686554,0.8227939009666443,0.8180720806121826,174075.703125,132031.515625,124269.234375,126674.25
658,7,0.02838406153023243,0.02232651226222515,0.02299969084560871,0.8442285060882568,0.7835971117019653,0.774971604347229,158482.828125,109210.8828125,88112.078125,98323.234375
659,2,0.027544625103473663,0.01673683151602745,0.01632802188396454,0.8797040581703186,0.8330038785934448,0.8221687078475952,123051.6484375,113583.1953125,97098.7109375,83943.625
660,4,0.017307160422205925,0.013184121809899807,0.013501069508492947,0.8534908294677734,0.8343110084533691,0.8295609354972839,130498.34375,91562.609375,94289.9140625,84984.640625
661,0,0.020589271560311317,0.008366735652089119,0.012043791823089123,0.9025859832763672,0.9253861904144287,0.9008263349533081,141952.484375,104941.6484375,111693.5,103556.8671875
662,9,0.01677808351814747,0.008197330869734287,0.008038402535021305,0.921741247177124,0.92695552110672,0.9347545504570007,135702.1875,111410.34375,113025.203125,121279.078125
663,1,0.009910054504871368,0.0023906370624899864,0.0027613574638962746,0.940126359462738,0.9565558433532715,0.9525912404060364,87905.484375,75507.34375,83622.4140625,81582.40625
664,8,0.025434521958231926,0.03094480000436306,0.0292795579880476,0.8652397990226746,0.7508634924888611,0.7569329142570496,163267.65625,124775.5078125,94483.4296875,71441.828125
665,6,0.03409181162714958,0.018926583230495453,0.01831233501434326,0.8538101315498352,0.8266271352767944,0.8542631268501282,198206.671875,155730.609375,153982.6875,152199.578125
666,7,0.01532584149390459,0.006697978358715773,0.0062930285930633545,0.8960002660751343,0.9176082611083984,0.9251840114593506,114039.7734375,86684.5625,91900.7734375,84162.9453125
667,7,0.009286788292229176,0.007620664779096842,0.008108628913760185,0.9197820425033569,0.8852781057357788,0.8775036931037903,66625.296875,51591.6328125,43682.17578125,37936.91796875
668,4,0.018419701606035233,0.02712107077240944,0.031201450154185295,0.9133736491203308,0.7231099605560303,0.6799459457397461,154886.921875,115447.34375,60145.953125,64289.484375
669,3,0.013795238919556141,0.008290652185678482,0.009813906624913216,0.9197841882705688,0.8876135349273682,0.8484943509101868,116484.2734375,93116.75,77627.6171875,81651.3125
670,4,0.019727366045117378,0.00862689409404993,0.009874877519905567,0.8943378329277039,0.919265627861023,0.9019133448600769,129597.671875,102788.90625,86663.640625,81681.703125
671,9,0.03222868964076042,0.029269326478242874,0.03333202749490738,0.8345975279808044,0.7642354369163513,0.726226806640625,184615.09375,138397.84375,118781.6328125,113367.75
672,1,0.009326844476163387,0.0020910559687763453,0.002627844689413905,0.9517326951026917,0.9771404266357422,0.9697490930557251,87417.484375,69468.4453125,80061.265625,75864.1171875
673,9,0.03568366542458534,0.01838144287467003,0.016287285834550858,0.8602089285850525,0.8390223979949951,0.8531115055084229,175362.6875,140416.21875,135074.875,123628.5859375
674,5,0.024167140945792198,0.020346248522400856,0.023046722635626793,0.8971377611160278,0.8261595368385315,0.801796555519104,145183.828125,105944.140625,96903.4296875,96017.3828125
675,1,0.013457054272294044,0.00359106482937932,0.004879233427345753,0.9085507392883301,0.9518985152244568,0.9275910258293152,80804.1953125,59041.21484375,71248.7421875,72825.046875
676,7,0.028975121676921844,0.019224945455789566,0.019880814477801323,0.8604438900947571,0.8174495697021484,0.8062592148780823,156586.03125,112664.1796875,120344.4453125,112465.2734375
677,3,0.034118134528398514,0.017234455794095993,0.019939446821808815,0.8509114384651184,0.8428383469581604,0.8107979893684387,193077.1875,158170.140625,151966.28125,141463.453125
678,9,0.025165686383843422,0.011304451152682304,0.013517150655388832,0.8821497559547424,0.9011082649230957,0.8784334659576416,156018.328125,108780.953125,118171.0390625,119959.1015625
679,7,0.013729820027947426,0.004019887186586857,0.006219024304300547,0.923184335231781,0.9577801823616028,0.9324212670326233,118908.5703125,89210.75,92882.9609375,84249.1171875
680,6,0.03640017285943031,0.015348474495112896,0.020606663078069687,0.8404464721679688,0.833516538143158,0.7917138338088989,137956.78125,106362.4296875,95109.078125,96082.9375
681,9,0.02131444588303566,0.015106616541743279,0.01765652745962143,0.8971006274223328,0.8758978247642517,0.847521960735321,173000.359375,137855.234375,141617.40625,142884.6875
682,1,0.004770156927406788,0.005099609028548002,0.005229558330029249,0.9463959336280823,0.9188104271888733,0.9151940941810608,83334.015625,68305.046875,74018.671875,72448.1328125
683,3,0.014200677163898945,0.01009416300803423,0.010500917211174965,0.8995161652565002,0.867119312286377,0.8620830774307251,110276.9765625,90008.3828125,77109.921875,71240.703125
684,7,0.021845247596502304,0.019121110439300537,0.02191680297255516,0.8962129950523376,0.7896308898925781,0.7586332559585571,136217.859375,116709.484375,82681.796875,75041.9375
685,8,0.021544508635997772,0.02013183757662773,0.021825172007083893,0.8841865658760071,0.8372700810432434,0.7966804504394531,143701.15625,109219.34375,93092.34375,83438.6015625
686,3,0.02609839104115963,0.01603325828909874,0.016385642811655998,0.8685521483421326,0.8355669379234314,0.8329986333847046,140222.203125,96228.3828125,90505.21875,89962.0625
687,3,0.015469533391296864,0.021135088056325912,0.020433815196156502,0.8927536010742188,0.7661138772964478,0.7720944881439209,150081.59375,112964.8359375,81898.6953125,85061.0625
688,6,0.017705857753753662,0.008747276850044727,0.012445744127035141,0.9086073637008667,0.9175254702568054,0.8719020485877991,137605.609375,109072.671875,113514.2734375,100212.1796875
689,7,0.007671194151043892,0.010178499855101109,0.01017254963517189,0.9412575364112854,0.8892274498939514,0.8820549249649048,80904.6796875,73577.0625,68112.1484375,63507.16015625
690,2,0.021682152524590492,0.029746176674962044,0.028165334835648537,0.898125171661377,0.705139696598053,0.6990543007850647,179071.015625,147357.09375,138697.5,132528.390625
691,8,0.02974112145602703,0.03810333460569382,0.039881281554698944,0.8506929874420166,0.6950333118438721,0.6443018317222595,154927.203125,117378.8515625,65860.234375,59344.42578125
692,5,0.015715641900897026,0.0196042750030756,0.01946866884827614,0.9076012969017029,0.7998772263526917,0.8004268407821655,128002.453125,111434.9375,77644.3125,76139.265625
693,8,0.02526915818452835,0.01495578046888113,0.01719699800014496,0.8839051723480225,0.8520641326904297,0.8264676928520203,128199.34375,110133.484375,100707.6328125,96023.96875
694,5,0.018019231036305428,0.025117557495832443,0.023409711197018623,0.8933272957801819,0.7858319878578186,0.7844499945640564,139827.546875,118068.9765625,77904.578125,78602.4453125
695,1,0.0064699687063694,0.0022038675379008055,0.0020908068399876356,0.9561287760734558,0.9667816162109375,0.9668081998825073,82350.40625,66821.53125,76094.3984375,76764.0078125
696,1,0.007686264347285032,0.009946118108928204,0.009660265408456326,0.9492343068122864,0.8846567869186401,0.892561137676239,79764.34375,64366.55859375,65816.8046875,64720.58984375
697,4,0.021898988634347916,0.01322235818952322,0.013986029662191868,0.8734713792800903,0.8287234306335449,0.8357577323913574,132108.15625,101023.7109375,101771.21875,91464.1796875
698,4,0.022528789937496185,0.01944807730615139,0.018245764076709747,0.8907255530357361,0.8004640936851501,0.815621018409729,149878.03125,117527.6640625,101658.609375,99352.8359375
699,3,0.01837996579706669,0.012263783253729343,0.012629697099328041,0.8921980261802673,0.8601691126823425,0.8562867641448975,120629.34375,91805.28125,68201.7265625,71722.6484375
700,1,0.014164561405777931,0.006670499686151743,0.007207162212580442,0.9246198534965515,0.9189119935035706,0.9143821597099304,92530.6171875,70760.8828125,66368.7421875,69908.8125
701,0,0.0445573553442955,0.015620112419128418,0.014656913466751575,0.8166897892951965,0.895846426486969,0.8881442546844482,204831.390625,157367.125,177350.875,162645.078125
702,7,0.020660124719142914,0.006242212373763323,0.006845278199762106,0.8947009444236755,0.9040319919586182,0.8981059789657593,102284.4453125,76138.890625,75497.3671875,73411.859375
703,7,0.02318224497139454,0.01580898091197014,0.01402151770889759,0.8830608129501343,0.8357918858528137,0.8443741202354431,146706.453125,112609.34375,98327.234375,93347.6484375
704,0,0.027460681274533272,0.01561933383345604,0.014306987635791302,0.8495965003967285,0.8533840179443359,0.8759097456932068,179240.359375,127279.9765625,144907.234375,152805.28125
705,7,0.020760370418429375,0.009537686593830585,0.011316213756799698,0.8958433270454407,0.888132631778717,0.8610362410545349,127487.703125,87077.40625,108139.328125,101043.9609375
706,9,0.01714753545820713,0.009682361967861652,0.013056866824626923,0.906063973903656,0.9134326577186584,0.8644518852233887,135615.234375,108113.515625,88127.3515625,81964.0078125
707,4,0.01702257990837097,0.01475975476205349,0.015306923538446426,0.9185728430747986,0.8610516786575317,0.8438488245010376,126459.265625,110339.0859375,102036.015625,95290.4296875
708,4,0.023576902225613594,0.018214363604784012,0.015185956843197346,0.8403758406639099,0.8490812182426453,0.8687060475349426,140133.203125,99906.9453125,110431.96875,100672.1953125
709,8,0.03291120380163193,0.012560488656163216,0.011715567670762539,0.8337120413780212,0.8773282766342163,0.8899573087692261,164722.125,123808.671875,112105.6484375,115681.75
710,5,0.03292681649327278,0.0380193293094635,0.040105190128088,0.847326397895813,0.6952140927314758,0.6776353120803833,204326.125,152673.328125,114050.0078125,97721.0859375
711,5,0.0365595817565918,0.023932520300149918,0.02251208759844303,0.8364330530166626,0.7292900085449219,0.7597223520278931,194967.8125,134569.1875,103840.796875,106541.953125
712,4,0.022796304896473885,0.007543240208178759,0.009110081009566784,0.9088115096092224,0.9249046444892883,0.9065531492233276,132299.671875,100511.484375,97123.046875,99795.40625
713,0,0.018800480291247368,0.015974706038832664,0.01963832788169384,0.8822180032730103,0.8353173136711121,0.7909678220748901,155067.359375,135430.875,111451.609375,111959.5390625
714,8,0.014921360649168491,0.02251606062054634,0.022646630182862282,0.9140971302986145,0.8074376583099365,0.8039189577102661,167459.078125,154375.671875,108343.546875,109719.1015625
715,2,0.04464517533779144,0.026683013886213303,0.02984395995736122,0.7786267995834351,0.7098930478096008,0.6963214874267578,188780.234375,134284.859375,100776.375,97670.6953125
716,1,0.010328314267098904,0.007083650678396225,0.007913153618574142,0.9373481869697571,0.8953402638435364,0.8787657618522644,91470.7109375,63855.18359375,56301.2734375,53545.6640625
717,0,0.024991275742650032,0.03391415253281593,0.03892393037676811,0.8912864923477173,0.7023329138755798,0.6787353157997131,161320.53125,117467.875,84195.5703125,96464.84375
718,8,0.027485040947794914,0.01082255132496357,0.010314070619642735,0.8724925518035889,0.9136218428611755,0.9208311438560486,146819.53125,117409.9375,112605.0,109506.546875
719,4,0.03245706483721733,0.012722376734018326,0.019038384780287743,0.8354862332344055,0.8707062005996704,0.8222067356109619,161246.234375,126405.671875,127419.46875,119058.5625
720,5,0.02907906286418438,0.049824800342321396,0.04968522861599922,0.8428993821144104,0.5838375091552734,0.5970630049705505,200537.265625,147758.546875,102201.3671875,106701.2421875
721,0,0.018229791894555092,0.03134602680802345,0.029632067307829857,0.8969354033470154,0.7092273831367493,0.7139633297920227,184454.96875,155849.546875,135746.625,129342.96875
722,4,0.026082368567585945,0.009380443021655083,0.010848736390471458,0.8666298389434814,0.8977273106575012,0.8773113489151001,156252.625,119743.3671875,119086.8671875,115890.46875
723,0,0.019122060388326645,0.013462823815643787,0.015472359023988247,0.9016111493110657,0.8715744614601135,0.8499588966369629,158460.28125,117304.0625,110383.84375,108098.234375
724,6,0.016925925388932228,0.01140670571476221,0.013434947468340397,0.8899123072624207,0.8855113387107849,0.8552409410476685,117146.609375,91806.109375,66061.5078125,55817.6328125
725,1,0.010553059168159962,0.0029850436840206385,0.003095832420513034,0.9268736243247986,0.9617851376533508,0.9562274813652039,77951.6328125,62494.72265625,66544.2265625,57820.6015625
726,7,0.0144044766202569,0.013462092727422714,0.014082759618759155,0.9178746938705444,0.8648796677589417,0.8396027684211731,101785.578125,72259.140625,62332.4921875,64727.38671875
727,3,0.020617881789803505,0.01786108687520027,0.01771823689341545,0.8853398561477661,0.8477902412414551,0.8309230208396912,161878.234375,125174.28125,108635.9453125,94327.703125
728,2,0.026361864060163498,0.01294876541942358,0.013844066299498081,0.8692141175270081,0.8527160286903381,0.830950915813446,158572.3125,122117.0,120224.9765625,116779.3046875
729,6,0.025275759398937225,0.011609609238803387,0.014337687753140926,0.8721398711204529,0.9172534346580505,0.890120804309845,172486.359375,129988.734375,126077.3203125,133960.234375
730,7,0.018950123339891434,0.013659515418112278,0.013233153149485588,0.8888518214225769,0.8546992540359497,0.8156168460845947,126116.234375,99368.0859375,72669.484375,86249.84375
731,2,0.02555919624865055,0.0322037935256958,0.032525237649679184,0.8477044105529785,0.6772582530975342,0.6728330254554749,190787.609375,148903.0625,120223.734375,116593.453125
732,6,0.02618582360446453,0.019045546650886536,0.017482228577136993,0.8610378503799438,0.8176019191741943,0.8413030505180359,170893.0625,127039.3203125,130469.609375,125099.015625
733,9,0.01868511736392975,0.004320877604186535,0.006567983888089657,0.8987941145896912,0.9616450071334839,0.9406812191009521,145978.453125,105469.484375,120270.4140625,116475.40625
734,3,0.01640244945883751,0.009549067355692387,0.013386338949203491,0.913934588432312,0.8885753750801086,0.8520798683166504,125677.6328125,97447.6953125,92944.9765625,92286.0
735,1,0.01047542504966259,0.0030641728080809116,0.002714888658374548,0.9370465874671936,0.9697019457817078,0.9688952565193176,81826.0546875,57960.72265625,77351.9296875,77792.4296875
736,4,0.04046573489904404,0.014543545432388783,0.017725955694913864,0.8294711709022522,0.8505944609642029,0.8253868222236633,161269.1875,142730.5,121605.5703125,114472.2421875
737,6,0.029189085587859154,0.01882735826075077,0.02546580135822296,0.8797776699066162,0.8255059123039246,0.7899230718612671,174927.734375,141032.734375,140423.359375,126889.3828125
738,2,0.03000672720372677,0.02008953131735325,0.020586946979165077,0.8225439190864563,0.7906322479248047,0.7851462960243225,191441.921875,132967.125,129852.1640625,126819.453125
739,5,0.021213848143815994,0.0127664003521204,0.013136589899659157,0.8999431133270264,0.8805285096168518,0.8630821108818054,150749.109375,120982.734375,119915.6953125,124919.578125
740,4,0.015385189093649387,0.010956709273159504,0.01146845892071724,0.924560546875,0.9061427712440491,0.9006666541099548,122028.140625,97116.0625,89564.328125,83464.7265625
741,2,0.014169442467391491,0.015318325720727444,0.016264524310827255,0.9140632748603821,0.7893586158752441,0.78966224193573,134611.578125,112501.1171875,97212.375,99012.8125
742,0,0.03347178176045418,0.010754144750535488,0.012516996823251247,0.8577015995979309,0.9154449105262756,0.8869239687919617,204148.203125,171970.34375,186189.296875,179206.203125
743,6,0.01883663237094879,0.009483478032052517,0.01142469234764576,0.8923585414886475,0.9205827116966248,0.8941588997840881,124537.8828125,93401.7109375,90037.21875,91628.234375
744,2,0.026216765865683556,0.044565532356500626,0.04436569660902023,0.8626721501350403,0.6542487740516663,0.6491061449050903,203786.59375,161461.96875,94154.3671875,92014.578125
745,1,0.011062170378863811,0.0035647007171064615,0.003290998050943017,0.9376150369644165,0.9488553404808044,0.9542260766029358,93378.5078125,75039.6171875,88704.8515625,84301.921875
746,7,0.01564294472336769,0.009680523537099361,0.009345524944365025,0.9261907339096069,0.8888227343559265,0.8852792382240295,116011.9140625,93016.2421875,108182.6171875,106089.265625
747,3,0.021572813391685486,0.016109485179185867,0.01863880082964897,0.8964152336120605,0.809127151966095,0.7893669009208679,153703.71875,119940.7734375,113281.5,110733.78125
748,4,0.026074623689055443,0.015169588848948479,0.01449729222804308,0.878855288028717,0.8448207378387451,0.8492790460586548,141261.046875,94874.0390625,84819.9765625,89874.234375
749,1,0.009284824132919312,0.003404585411772132,0.0034272612538188696,0.9252971410751343,0.9404345154762268,0.9298219084739685,65553.296875,55635.203125,53520.3984375,50819.44921875
750,0,0.017864255234599113,0.010137663222849369,0.00954116228967905,0.8887829780578613,0.9129880666732788,0.9207724332809448,174369.875,144876.03125,133400.609375,130934.3828125
751,5,0.03150234743952751,0.017541714012622833,0.015911739319562912,0.8650344610214233,0.8531411290168762,0.8581734299659729,219251.21875,181030.8125,179531.953125,170835.53125
752,4,0.024181481450796127,0.012404728680849075,0.01286760251969099,0.8851933479309082,0.8657616376876831,0.8599554300308228,151566.015625,115283.1171875,111848.5703125,109302.609375
753,3,0.02140098623931408,0.014409217983484268,0.015884768217802048,0.9092715382575989,0.8403079509735107,0.8194682002067566,150938.578125,118905.46875,110719.0390625,108513.3828125
754,1,0.012553141452372074,0.0022800499573349953,0.002426241058856249,0.9209105372428894,0.9703230261802673,0.9615033268928528,84135.3515625,55137.859375,64368.6875,60659.34375
755,1,0.012281157076358795,0.002807941986247897,0.0025976120959967375,0.917964518070221,0.9587864875793457,0.960882306098938,78136.9375,53954.42578125,64884.8203125,68521.2421875
756,7,0.019658252596855164,0.007419356610625982,0.005680317524820566,0.8964139223098755,0.9274850487709045,0.9463246464729309,127552.140625,85430.09375,94235.9609375,92639.875
757,4,0.014054485596716404,0.007313076872378588,0.00810212828218937,0.9228475689888,0.9297834038734436,0.926712691783905,132879.046875,104529.3828125,99977.0703125,91546.375
758,9,0.015438828617334366,0.009678379632532597,0.010947865433990955,0.9204772710800171,0.9152809977531433,0.8945147395133972,134880.6875,102903.3359375,113398.8359375,99275.1171875
759,9,0.015062621794641018,0.009929575026035309,0.008957182988524437,0.9233016967773438,0.9151570796966553,0.9243420958518982,125579.7734375,99072.0,100328.265625,91614.484375
760,4,0.02109786681830883,0.011805867776274681,0.012547701597213745,0.8766732811927795,0.8737322688102722,0.8658193349838257,108085.328125,66555.765625,54448.08203125,53921.671875
761,8,0.027215855196118355,0.014483997598290443,0.013086180202662945,0.8866704702377319,0.8736962676048279,0.878357470035553,128672.6875,118914.1640625,94425.484375,90739.46875
762,4,0.03339505195617676,0.013840154744684696,0.01699991524219513,0.8405526280403137,0.8682770729064941,0.8055484890937805,156480.640625,126456.9140625,119270.8515625,104372.3828125
763,0,0.021167103201150894,0.015507289208471775,0.021329212933778763,0.891072154045105,0.8469111919403076,0.7921679019927979,192830.890625,155151.59375,129962.734375,121397.40625
764,2,0.023096827790141106,0.0246204175055027,0.02815430425107479,0.8810957074165344,0.7397481799125671,0.6675103306770325,171766.953125,142127.953125,84392.3984375,90162.2421875
765,4,0.02308276668190956,0.008596106432378292,0.007630534004420042,0.8530869483947754,0.9012886881828308,0.9077596664428711,130321.0546875,87891.8984375,87859.3984375,78412.4140625
766,5,0.03556595370173454,0.02416750229895115,0.026187440380454063,0.8533941507339478,0.8016372323036194,0.7568373084068298,198829.625,162417.875,147572.453125,138203.28125
767,1,0.011586648412048817,0.0027367377188056707,0.0041512553580105305,0.8993248343467712,0.9385284781455994,0.9254199862480164,75708.015625,51872.93359375,61154.48828125,58039.69140625
768,1,0.01414360199123621,0.0018329177983105183,0.0026357623282819986,0.9333111047744751,0.9758448004722595,0.9608257412910461,88669.5390625,59494.31640625,80051.28125,78658.03125
769,6,0.021350713446736336,0.007615732029080391,0.009268970228731632,0.8929457068443298,0.9309273958206177,0.9176754951477051,137791.03125,103976.4296875,114132.8203125,110248.234375
770,4,0.02560492791235447,0.012383117340505123,0.01230402197688818,0.890052318572998,0.8736765384674072,0.8665360808372498,157400.46875,129607.1796875,129052.2734375,130334.1796875
771,7,0.0353766605257988,0.011688418686389923,0.012161510065197945,0.8453130722045898,0.9010202884674072,0.9006422162055969,142963.859375,99758.6484375,108046.8359375,107785.4453125
772,1,0.014124011620879173,0.004707786254584789,0.004715245682746172,0.903180718421936,0.9357798099517822,0.9349637627601624,87787.203125,60141.625,72239.9921875,72775.078125
773,9,0.014563105069100857,0.008024289272725582,0.0062852841801941395,0.9165493249893188,0.9212744235992432,0.9378179311752319,128893.1875,97120.78125,100019.5390625,109782.0703125
774,4,0.012806463986635208,0.009654390625655651,0.009993993677198887,0.9101141691207886,0.8904594779014587,0.8812878727912903,94487.1015625,89956.078125,72271.4921875,67528.6015625
775,2,0.03720517456531525,0.01980932429432869,0.01866130344569683,0.8506600856781006,0.8033289909362793,0.7834088206291199,144988.953125,119359.34375,85140.1640625,90219.8359375
776,4,0.02594437263906002,0.022450875490903854,0.025294996798038483,0.869854211807251,0.8157352209091187,0.80238276720047,131263.640625,105357.234375,93740.296875,103028.8125
777,1,0.014492867514491081,0.005101194139569998,0.005423767026513815,0.9294936060905457,0.9399756193161011,0.9360741972923279,94117.0,77618.703125,81632.9765625,81701.265625
778,5,0.028990622609853745,0.010881731286644936,0.011852308176457882,0.8642964959144592,0.8964046239852905,0.8962822556495667,166573.859375,135061.15625,133530.390625,123089.5859375
779,5,0.011164868250489235,0.016101378947496414,0.0173899345099926,0.925549328327179,0.8193621635437012,0.7795436382293701,128224.140625,110258.1796875,82269.265625,73461.1796875
780,3,0.016744369640946388,0.030500533059239388,0.030533328652381897,0.9013692140579224,0.6497648358345032,0.6416531801223755,175593.96875,137644.421875,112631.28125,110811.671875
781,8,0.014097138307988644,0.02026553638279438,0.022064749151468277,0.9161957502365112,0.7725718021392822,0.7389775514602661,122799.1875,102986.46875,66988.0234375,59051.85546875
782,3,0.024616532027721405,0.02071775682270527,0.027786001563072205,0.885627269744873,0.7850525379180908,0.7164466977119446,183204.078125,152130.65625,144955.0,152167.671875
783,1,0.011522921733558178,0.0033257135655730963,0.002809882629662752,0.9072542786598206,0.9451426267623901,0.9454628229141235,74564.6171875,55298.3671875,62020.90625,60883.37109375
784,4,0.026317449286580086,0.022304650396108627,0.022007819265127182,0.8557824492454529,0.7671793699264526,0.7745727300643921,139721.34375,105594.3359375,95009.984375,97369.6328125
785,5,0.020689409226179123,0.01636503078043461,0.01687619835138321,0.8821281790733337,0.8303648233413696,0.8427905440330505,157832.328125,119588.21875,122852.8046875,114687.9765625
786,6,0.027741730213165283,0.024773256853222847,0.025899022817611694,0.8540840744972229,0.7720156311988831,0.7586159110069275,149646.984375,104867.1015625,77968.5078125,74639.8046875
787,8,0.024330507963895798,0.03566386178135872,0.04341381415724754,0.8892951607704163,0.7048500180244446,0.6579126715660095,203134.40625,164416.765625,102400.5078125,115686.4453125
788,9,0.015806056559085846,0.005433082580566406,0.006753313820809126,0.9247864484786987,0.9594300389289856,0.9472741484642029,138853.390625,106195.671875,102741.03125,102429.1484375
789,4,0.015571137890219688,0.018124403432011604,0.016509797424077988,0.9037875533103943,0.817211389541626,0.8189893960952759,137372.890625,114414.375,90722.8125,83687.8125
790,1,0.014414073899388313,0.0041355350986123085,0.004463074263185263,0.9289490580558777,0.9568353295326233,0.9479238986968994,89387.8125,78373.8984375,80171.078125,77087.328125
791,5,0.02296876162290573,0.017276544123888016,0.017685335129499435,0.8676642179489136,0.8167479038238525,0.7705426216125488,160426.53125,107183.8359375,85231.734375,69471.1953125
792,3,0.0315241813659668,0.033192284405231476,0.03312380239367485,0.8765297532081604,0.7181295156478882,0.7197386026382446,218476.234375,174660.890625,150063.21875,151765.171875
793,8,0.026893826201558113,0.01460262667387724,0.01621808484196663,0.8704128265380859,0.894339382648468,0.8819980025291443,175979.296875,144658.03125,139093.6875,129130.234375
794,0,0.027188582345843315,0.007201001979410648,0.00858223345130682,0.8553833961486816,0.9304856061935425,0.9227533936500549,182223.921875,120244.6796875,140080.0625,133115.34375
795,3,0.0169860627502203,0.015034804120659828,0.018303586170077324,0.9084059000015259,0.7970539927482605,0.7336072325706482,108536.4296875,82777.171875,57409.05078125,50462.234375
796,2,0.03968333080410957,0.016252318397164345,0.01646958664059639,0.8436717987060547,0.8454539775848389,0.8432615995407104,189259.09375,145855.078125,141661.734375,129713.78125
797,5,0.013725538738071918,0.016817716881632805,0.019561048597097397,0.9111786484718323,0.7651388645172119,0.7367030382156372,106372.9375,85535.8984375,56435.9765625,54791.21875
798,1,0.01245479192584753,0.005263573955744505,0.006566508673131466,0.9347742795944214,0.9279139041900635,0.9155446290969849,90626.0390625,72275.71875,78211.9765625,80937.7734375
799,2,0.024404728785157204,0.029781579971313477,0.031118903309106827,0.8747665882110596,0.715698778629303,0.7158163189888,172680.46875,140550.453125,119504.3046875,111790.671875
800,8,0.02265581302344799,0.018219437450170517,0.018852701410651207,0.8845055103302002,0.8631258606910706,0.8670164942741394,170181.078125,121466.484375,116723.6953125,113661.1015625
801,3,0.03809452801942825,0.023997437208890915,0.022655336186289787,0.8277194499969482,0.7687861323356628,0.7720953226089478,178658.234375,126485.40625,115709.8046875,125977.3046875
802,4,0.019897859543561935,0.02299884520471096,0.023376617580652237,0.8776983022689819,0.7838142514228821,0.7908703684806824,149102.75,116594.6953125,92413.0625,89143.0625
803,4,0.026095207780599594,0.01803792454302311,0.01994479075074196,0.8649607300758362,0.7652252912521362,0.7271344065666199,158418.0,129019.640625,93382.8984375,80468.1015625
804,0,0.028120584785938263,0.0222282987087965,0.021618986502289772,0.8553252816200256,0.840337336063385,0.8478524088859558,190143.21875,144921.734375,139670.0625,137365.8125
805,8,0.02832288295030594,0.011810840107500553,0.01290137879550457,0.8683841228485107,0.8983572721481323,0.8878738880157471,157723.828125,115093.9296875,118259.296875,115498.40625
806,8,0.019027117639780045,0.0219490397721529,0.028880296275019646,0.8896912336349487,0.8060399293899536,0.7533432245254517,171227.734375,141831.796875,101906.8359375,102036.8515625
807,3,0.024255089461803436,0.024142378941178322,0.022409478202462196,0.881270706653595,0.7376101016998291,0.7586660385131836,190370.03125,149210.9375,143549.765625,146015.296875
808,3,0.02625313587486744,0.018386945128440857,0.01764974743127823,0.8560655117034912,0.8153323531150818,0.8195422291755676,164131.1875,126348.9765625,117299.6328125,114022.953125
809,1,0.009320789016783237,0.003437188221141696,0.0030236640013754368,0.9223336577415466,0.945404589176178,0.9440443515777588,64067.40234375,42102.02734375,45488.6328125,43726.5
810,7,0.03771905601024628,0.04235553741455078,0.03895167261362076,0.8408592343330383,0.6491671204566956,0.670687735080719,194527.765625,149924.21875,114397.7421875,107276.4296875
811,3,0.020700901746749878,0.01679297164082527,0.01781878061592579,0.8993382453918457,0.8042563199996948,0.792123556137085,142548.984375,109315.796875,110355.734375,105923.9140625
812,5,0.030152838677167892,0.02613147906959057,0.026606958359479904,0.8582548499107361,0.7863162755966187,0.74594646692276,194461.796875,140135.796875,125156.734375,128259.1015625
813,9,0.02609422616660595,0.018644489347934723,0.021075207740068436,0.880649209022522,0.8103712201118469,0.76286780834198,161953.671875,124211.3203125,120318.1953125,110496.640625
814,6,0.022644007578492165,0.007646297570317984,0.009032021276652813,0.8884705901145935,0.9483734965324402,0.938575267791748,121408.6796875,89823.609375,85956.265625,87939.7734375
815,3,0.01593104936182499,0.00886569544672966,0.012026441283524036,0.9288195967674255,0.9033440351486206,0.8551154732704163,149030.125,127455.9765625,123826.3828125,115237.171875
816,2,0.03126412630081177,0.02289089374244213,0.01950664073228836,0.8406659960746765,0.739120364189148,0.7594378590583801,154915.03125,120017.875,120862.734375,110527.828125
817,6,0.024143140763044357,0.020645292475819588,0.023512115702033043,0.8813410997390747,0.8416104912757874,0.8209513425827026,175906.625,129933.796875,128115.1796875,114641.265625
818,1,0.011613091453909874,0.005532822106033564,0.007040758151561022,0.9425347447395325,0.9327651858329773,0.9207500219345093,104368.8515625,83005.1484375,86087.8046875,81967.1484375
819,3,0.0245343167334795,0.022215815261006355,0.026868220418691635,0.8436459898948669,0.7172361016273499,0.6989412903785706,175717.296875,132524.34375,115090.21875,109391.5078125
820,6,0.03142102435231209,0.0166977196931839,0.01595134101808071,0.8516563177108765,0.86107337474823,0.8694717288017273,179488.859375,125992.1171875,139968.265625,138837.703125
821,0,0.01988120935857296,0.013501334935426712,0.01554199866950512,0.8650696277618408,0.8642253875732422,0.8415916562080383,166599.359375,124139.75,127745.2734375,123688.78125
822,7,0.02853570133447647,0.007518922444432974,0.007853703573346138,0.8595077395439148,0.9322497844696045,0.917611837387085,156504.328125,102154.46875,116540.0625,113542.8671875
823,2,0.03375466540455818,0.016213927417993546,0.02121187187731266,0.8518771529197693,0.8574199676513672,0.8139737248420715,177009.671875,143818.984375,133171.15625,129445.8515625
824,1,0.011020634323358536,0.002851204015314579,0.002916080178692937,0.9214770793914795,0.9601207971572876,0.9570066332817078,82777.59375,64170.640625,61909.67578125,58196.953125
825,7,0.020467592403292656,0.012237870134413242,0.013375350274145603,0.9078731536865234,0.8990944027900696,0.8798664212226868,142162.53125,119284.203125,120817.2109375,117366.8359375
826,1,0.01092488318681717,0.0031567641999572515,0.004132119007408619,0.9371477961540222,0.9589144587516785,0.9479727149009705,88755.1796875,61984.6015625,76175.015625,76036.8984375
827,4,0.010235199704766273,0.01873764581978321,0.019573142752051353,0.9098314642906189,0.7661731243133545,0.7373576164245605,97415.75,85519.4609375,69794.796875,62311.88671875
828,2,0.019718730822205544,0.017042391002178192,0.01731487363576889,0.8682384490966797,0.762567937374115,0.7569412589073181,161336.734375,127689.796875,111751.75,97752.3046875
829,4,0.024106768891215324,0.036637481302022934,0.028466392308473587,0.8628901243209839,0.6691955327987671,0.7092065215110779,134201.734375,99533.9296875,65280.515625,57854.015625
830,2,0.0130951888859272,0.02141518145799637,0.019096270203590393,0.878741979598999,0.6684691905975342,0.7343868017196655,101849.203125,82962.2109375,40315.44140625,54436.703125
831,1,0.01328949723392725,0.0034190944861620665,0.003926239907741547,0.9207698106765747,0.9526973962783813,0.9444893002510071,84685.1640625,58173.8984375,71012.2265625,67365.7578125
832,7,0.011554666794836521,0.014347541145980358,0.013213113881647587,0.9287994503974915,0.8486475944519043,0.8377401232719421,124073.5859375,106694.7109375,90000.6484375,77731.109375
833,9,0.026739271357655525,0.006700858473777771,0.008807803504168987,0.8643710613250732,0.9355652332305908,0.904298722743988,126268.4453125,86445.6953125,98536.28125,86305.1484375
834,6,0.0262991264462471,0.008491267450153828,0.009394067339599133,0.885528028011322,0.9218425750732422,0.8919062614440918,112484.203125,82279.375,77752.9375,76217.4609375
835,1,0.008078237064182758,0.0020120965782552958,0.002065145643427968,0.9392240643501282,0.9718557596206665,0.9652913212776184,73995.1484375,56697.734375,65337.22265625,61534.7421875
836,1,0.01200868096202612,0.0044562299735844135,0.005900896154344082,0.9235990643501282,0.9390551447868347,0.9204460978507996,83204.296875,61216.55078125,65510.703125,64120.6171875
837,2,0.019438404589891434,0.020669247955083847,0.021436676383018494,0.8942039608955383,0.7693090438842773,0.7536396980285645,153772.09375,129275.2421875,101636.734375,86881.03125
838,4,0.02332441695034504,0.01924811489880085,0.02067524567246437,0.8632007241249084,0.8096303343772888,0.7868098020553589,148952.671875,100473.5390625,107296.6796875,99072.8359375
839,8,0.029476627707481384,0.021577566862106323,0.022194094955921173,0.8730553388595581,0.8206483125686646,0.8125157356262207,170983.609375,135050.59375,121429.875,120476.453125
840,1,0.01965879276394844,0.004931554198265076,0.004760726820677519,0.8973479866981506,0.9316514134407043,0.9350187182426453,93322.4375,73542.3125,85722.03125,81804.6484375
841,7,0.015627941116690636,0.03015832044184208,0.03229689598083496,0.90560382604599,0.6854680776596069,0.6617751717567444,156666.703125,130506.3125,98431.5859375,101183.1796875
842,7,0.008977468125522137,0.006051835138350725,0.006536098197102547,0.9048516154289246,0.9039047956466675,0.8919786810874939,81845.6171875,61872.26953125,62977.609375,59305.82421875
843,4,0.023162968456745148,0.008090258575975895,0.008923690766096115,0.8696773052215576,0.8900225758552551,0.8669788241386414,150108.296875,110820.34375,105344.296875,107939.703125
844,8,0.0163936335593462,0.028035085648298264,0.029208485037088394,0.8831048011779785,0.73902827501297,0.6957768797874451,126730.953125,105187.203125,52842.35546875,49924.30078125
845,0,0.03408044949173927,0.015398642048239708,0.014624740928411484,0.836696207523346,0.8851511478424072,0.8872973322868347,199325.328125,143533.71875,155699.625,156639.609375
846,7,0.01642571948468685,0.015856565907597542,0.013312348164618015,0.9059962630271912,0.8458379507064819,0.841975748538971,144495.5625,110090.34375,98502.8046875,92427.8125
847,3,0.023669473826885223,0.02637847140431404,0.026191387325525284,0.8790406584739685,0.7387970089912415,0.7530937194824219,146464.6875,103868.3828125,89720.46875,86849.9609375
848,1,0.016004415228962898,0.0042196945287287235,0.004661889746785164,0.9162826538085938,0.9445770978927612,0.9395619630813599,87102.0625,63355.8515625,70894.8203125,65604.03125
849,3,0.02204563468694687,0.019643284380435944,0.02105296030640602,0.877830982208252,0.7574409246444702,0.7396818399429321,183611.953125,146085.4375,129940.75,127321.5078125
850,1,0.014829711057245731,0.003106317250058055,0.003463967237621546,0.9122401475906372,0.9609211087226868,0.9572176933288574,89080.8359375,63925.98828125,78214.3203125,77647.5078125
851,0,0.02241220697760582,0.005248561035841703,0.005229203961789608,0.8947176337242126,0.9440737962722778,0.9410077333450317,168775.53125,141493.40625,149344.015625,147278.5625
852,7,0.010410717688500881,0.008125567808747292,0.00955425575375557,0.9026746153831482,0.8789728879928589,0.8484899997711182,96188.0078125,78272.796875,80857.1640625,70879.1953125
853,7,0.01805294305086136,0.013379204086959362,0.012599077075719833,0.9213478565216064,0.8456976413726807,0.8561394214630127,147209.625,123112.9453125,118567.546875,111521.484375
854,0,0.02275891974568367,0.014339923858642578,0.017151229083538055,0.8627538681030273,0.8667963743209839,0.8441652655601501,175902.9375,142716.265625,136468.984375,134957.5
855,3,0.0250348262488842,0.013284677639603615,0.011993023566901684,0.8901335000991821,0.8708685636520386,0.8374965190887451,148725.0,126254.875,118774.8671875,116564.265625
856,5,0.014217603951692581,0.02596895582973957,0.024026067927479744,0.9113157391548157,0.6949672698974609,0.6938948035240173,127205.5078125,108880.9140625,82639.4921875,77005.8984375
857,5,0.025142090395092964,0.013199472799897194,0.011078321374952793,0.8686574697494507,0.8638954758644104,0.8632899522781372,135526.03125,103357.9375,99890.5703125,100205.1015625
858,2,0.028612827882170677,0.01718851365149021,0.0135226184502244,0.8536040186882019,0.8097282648086548,0.8547528386116028,153852.53125,114137.21875,94156.8671875,92229.734375
859,7,0.016764428466558456,0.006848079618066549,0.0061395131051540375,0.8936237096786499,0.9403331279754639,0.9372321963310242,121609.3046875,91183.703125,91662.5703125,86510.2265625
860,6,0.026042407378554344,0.016762759536504745,0.01803538016974926,0.8609838485717773,0.8653257489204407,0.8465877771377563,191951.0,141633.328125,136352.21875,131603.421875
861,6,0.016935644671320915,0.016106806695461273,0.017134033143520355,0.8988040089607239,0.801350474357605,0.7670552730560303,127839.6640625,99866.109375,70376.953125,65173.91796875
862,9,0.020697101950645447,0.011553521268069744,0.009660990908741951,0.8927081227302551,0.922671377658844,0.9367300271987915,145474.796875,112992.875,110033.0390625,107578.6015625
863,2,0.014932374469935894,0.022092925384640694,0.019686851650476456,0.8987821340560913,0.7855174541473389,0.7962930202484131,152643.359375,130961.3828125,100297.0,96636.34375
864,8,0.052227526903152466,0.028425469994544983,0.03139369934797287,0.8081841468811035,0.7819887399673462,0.7332549691200256,194190.953125,168791.421875,126017.0703125,133530.78125
865,3,0.019644441083073616,0.014296294189989567,0.012790147215127945,0.9015256762504578,0.861542820930481,0.8788344264030457,140939.234375,104988.296875,96405.0078125,96876.5
866,5,0.020317362621426582,0.030277548357844353,0.026657510548830032,0.8987088799476624,0.7315325736999512,0.7419443726539612,156114.46875,135315.421875,118787.75,111489.203125
867,2,0.0176802109926939,0.013760020025074482,0.022511133924126625,0.9013400673866272,0.8214221000671387,0.7406608462333679,163254.5,131045.078125,130603.765625,123182.9765625
868,2,0.0196266770362854,0.01590823382139206,0.01750626601278782,0.8864859342575073,0.8433670997619629,0.7566128969192505,127848.1328125,99409.46875,76722.78125,76870.03125
869,5,0.03807119280099869,0.01652688905596733,0.02242913469672203,0.835170567035675,0.862743616104126,0.8284343481063843,167948.03125,136760.453125,125645.1015625,124331.8203125
870,6,0.012037284672260284,0.012233143672347069,0.01401517540216446,0.934899628162384,0.9018838405609131,0.8678027391433716,134709.578125,119926.8359375,104978.671875,102693.5625
871,0,0.0347653292119503,0.011120295152068138,0.01370149664580822,0.8647133708000183,0.9155548810958862,0.8955078125,200299.921875,153396.234375,174644.234375,170097.203125
872,8,0.024227987974882126,0.01189438160508871,0.015979958698153496,0.9050767421722412,0.8859463930130005,0.8405053019523621,150376.40625,131680.484375,105870.3046875,102332.7734375
873,2,0.021024269983172417,0.01745937019586563,0.02075699344277382,0.9001379609107971,0.8081640601158142,0.7722958922386169,166708.46875,125612.8828125,108392.3125,109008.2421875
874,9,0.017665313556790352,0.007339178584516048,0.009670095518231392,0.9075762629508972,0.9399679899215698,0.9156596064567566,119103.3984375,93895.0390625,94067.609375,83156.3046875
875,2,0.030128678306937218,0.014672745019197464,0.0201322790235281,0.8566570281982422,0.8921023011207581,0.8742055296897888,171502.203125,117357.671875,116802.46875,119408.96875
876,8,0.046700675040483475,0.03815079107880592,0.036460526287555695,0.8170667290687561,0.7193917632102966,0.7074109315872192,234581.296875,167065.0,127786.3671875,123356.171875
877,8,0.029849683865904808,0.037507008761167526,0.039493948221206665,0.8699147701263428,0.7614800930023193,0.7290379405021667,211603.0625,168377.796875,128222.796875,119013.5625
878,8,0.033950936049222946,0.026154687628149986,0.027629800140857697,0.867171049118042,0.7938843369483948,0.8068374991416931,202129.0625,151584.921875,140391.53125,139757.953125
879,8,0.02457408793270588,0.023151865229010582,0.02450280450284481,0.870208740234375,0.786421000957489,0.7713452577590942,174530.734375,126264.75,90984.3671875,85157.3671875
880,7,0.013344518840312958,0.0061798179522156715,0.00828501209616661,0.9327878355979919,0.9130740761756897,0.8913504481315613,120084.4375,92009.4453125,91849.5078125,85166.453125
881,4,0.023254239931702614,0.012628857046365738,0.013855060562491417,0.8845564126968384,0.8918001651763916,0.8722691535949707,134783.421875,103694.3984375,87557.1171875,83713.90625
882,9,0.011071297340095043,0.01064145565032959,0.01391148567199707,0.9115344882011414,0.8538048267364502,0.8452022075653076,93940.546875,90940.0390625,66868.625,75053.9765625
883,3,0.01245041098445654,0.02026297152042389,0.01991702802479267,0.8970252871513367,0.7252604961395264,0.7164477705955505,103942.875,87945.7109375,50285.08984375,57545.375
884,0,0.02146744169294834,0.011658930219709873,0.009336589835584164,0.88573157787323,0.8875974416732788,0.9113571047782898,160826.46875,129043.4453125,133516.96875,118785.8359375
885,6,0.020767565816640854,0.020638059824705124,0.022392068058252335,0.9010772705078125,0.8162341713905334,0.8070282936096191,115000.0625,86055.4609375,80171.578125,76783.7734375
886,6,0.02588319405913353,0.0156964473426342,0.02032310515642166,0.8771106004714966,0.8789030909538269,0.8449282050132751,185844.125,139360.796875,139942.03125,122809.484375
887,3,0.026030588895082474,0.018563436344265938,0.020483998581767082,0.8602061867713928,0.8085536360740662,0.777410089969635,157590.875,102734.078125,97990.6953125,94429.609375
888,2,0.021092092618346214,0.01814693957567215,0.01787777803838253,0.878753125667572,0.7714145183563232,0.7584968209266663,152303.390625,121518.296875,100092.6796875,91613.3828125
889,1,0.010518592782318592,0.002388584893196821,0.0031776719260960817,0.9284583926200867,0.9716893434524536,0.956308126449585,86268.6953125,66919.7109375,78492.6171875,75114.78125
890,3,0.02008759416639805,0.015730295330286026,0.01608951762318611,0.899061381816864,0.8605502843856812,0.8661743402481079,144026.0,118967.6484375,102853.5703125,102172.3125
891,2,0.022477542981505394,0.015169471502304077,0.015282023698091507,0.8873200416564941,0.8216044902801514,0.8264557123184204,162342.890625,118865.8125,110046.5,106703.1015625
892,2,0.030482757836580276,0.021476613357663155,0.022024022415280342,0.8518670201301575,0.7879419922828674,0.7810757756233215,161219.203125,123433.6171875,109166.515625,110941.28125
893,9,0.02273014560341835,0.015546148642897606,0.016011741012334824,0.8812490701675415,0.835767388343811,0.8373163938522339,155142.09375,109280.3828125,102831.5859375,103686.3125
894,3,0.05194629356265068,0.02623125910758972,0.0320245698094368,0.7970582246780396,0.7856437563896179,0.7382972240447998,183299.484375,160690.453125,137427.65625,128427.015625
895,0,0.03488538786768913,0.03240329399704933,0.03514504060149193,0.8606173396110535,0.79903244972229,0.7742044925689697,186114.390625,148609.234375,130834.0546875,135050.828125
896,0,0.018687939271330833,0.016879843547940254,0.022321701049804688,0.9025752544403076,0.8673638701438904,0.8194025754928589,186332.0625,142842.21875,146861.953125,150344.46875
897,5,0.025514231994748116,0.020162491127848625,0.01650470308959484,0.8602570295333862,0.8026613593101501,0.8362624049186707,172056.546875,134771.21875,113995.4765625,110691.3671875
898,7,0.023607365787029266,0.013671228662133217,0.014228024519979954,0.8719902634620667,0.8236611485481262,0.8178257942199707,135790.703125,104382.609375,78011.015625,72582.7421875
899,8,0.03824613243341446,0.01775551587343216,0.02022015117108822,0.8228244185447693,0.8310641050338745,0.7642674446105957,197195.828125,131482.015625,114086.953125,114325.6796875
900,1,0.01007028203457594,0.00935440231114626,0.009350169450044632,0.933223307132721,0.8812551498413086,0.8627267479896545,90215.21875,69257.6796875,57364.21484375,48309.10546875
901,4,0.024878906086087227,0.015886789187788963,0.018033305183053017,0.8794023990631104,0.7883574366569519,0.6792636513710022,155760.90625,114979.71875,88465.9140625,85758.046875
902,4,0.01386025920510292,0.010358496569097042,0.010243872180581093,0.9288803339004517,0.8977651596069336,0.8999595642089844,122478.53125,94997.0078125,90441.3984375,79383.984375
903,6,0.041641321033239365,0.021621381863951683,0.018744416534900665,0.8247567415237427,0.7762489318847656,0.8002182245254517,139621.796875,117442.5390625,94381.1328125,97099.328125
904,0,0.03426944836974144,0.03430461883544922,0.03503190726041794,0.8368637561798096,0.73094642162323,0.7239930629730225,200096.359375,135922.875,125036.2421875,121406.28125
905,2,0.03236567974090576,0.020401254296302795,0.025762902572751045,0.846469521522522,0.781914234161377,0.7324170470237732,162551.203125,128867.8359375,107590.4453125,105088.2734375
906,9,0.02754475548863411,0.01261354424059391,0.015098357573151588,0.8850852847099304,0.917194664478302,0.8775108456611633,155655.0,121860.265625,112730.78125,118145.4375
907,1,0.008676508441567421,0.002364229178056121,0.002821326721459627,0.9447723627090454,0.9591817855834961,0.9586917757987976,75977.5078125,57639.19140625,70663.3359375,69849.6484375
908,4,0.016124805435538292,0.006280237343162298,0.006876942701637745,0.9179884791374207,0.9037699699401855,0.8822106719017029,120279.7109375,102289.515625,109482.484375,99208.8984375
909,7,0.010996334254741669,0.021029233932495117,0.023809678852558136,0.9188199043273926,0.7601934671401978,0.7209734320640564,108347.5625,84373.4453125,61737.8828125,66334.734375
910,4,0.015040013939142227,0.009353293105959892,0.011987177655100822,0.9151232838630676,0.8882856965065002,0.8414223790168762,144018.296875,115604.40625,113122.75,115055.0
911,7,0.0179161187261343,0.010677351616322994,0.010055789723992348,0.9113577604293823,0.8892972469329834,0.8954930305480957,139393.1875,113040.1796875,118190.4140625,113614.90625
912,3,0.02566632814705372,0.019933193922042847,0.020586906000971794,0.8784515857696533,0.8246349096298218,0.8002256751060486,204186.359375,152894.46875,150512.59375,134949.15625
913,9,0.022229401394724846,0.009817407466471195,0.011755297891795635,0.8715222477912903,0.9164473414421082,0.8903546333312988,149784.28125,104362.03125,97683.71875,90691.21875
914,8,0.02736443281173706,0.01143722701817751,0.010968881659209728,0.8510506749153137,0.9105476140975952,0.8996409773826599,145111.546875,101889.53125,86744.546875,97152.3515625
915,8,0.017705494537949562,0.011802203953266144,0.013337310403585434,0.9109451174736023,0.907039999961853,0.8779035210609436,133187.84375,105853.75,83778.6484375,88006.1796875
916,4,0.019115187227725983,0.03412824496626854,0.03513801842927933,0.9068936705589294,0.579823911190033,0.5293158888816833,131439.171875,104678.3984375,72233.1171875,61298.16015625
917,7,0.016485463827848434,0.007911764085292816,0.008485374972224236,0.889397919178009,0.9080350995063782,0.8886997103691101,123547.078125,83492.5703125,90626.3046875,86304.53125
918,1,0.006168318446725607,0.004251123405992985,0.005049930419772863,0.9314460754394531,0.9271265864372253,0.9119871258735657,59307.05859375,46474.71484375,51508.6484375,49746.97265625
919,2,0.01965799368917942,0.014663545414805412,0.01447891816496849,0.8778313398361206,0.8244917392730713,0.8186716437339783,129285.3671875,98371.6171875,81069.515625,75499.671875
920,1,0.00999341532588005,0.0027134185656905174,0.003404454328119755,0.9319107532501221,0.954828679561615,0.9442289471626282,75158.8828125,44458.19140625,52318.8671875,52062.21484375
921,2,0.029449988156557083,0.023159975185990334,0.02255137637257576,0.8605479001998901,0.7541670203208923,0.7580928802490234,162522.65625,130418.484375,105385.140625,109565.1171875
922,2,0.01926594041287899,0.019910981878638268,0.020428525283932686,0.8931435942649841,0.757591724395752,0.7346644401550293,157181.015625,123866.96875,103596.6328125,107527.8359375
923,3,0.035375628620386124,0.019069034606218338,0.023948203772306442,0.8504763245582581,0.8034558892250061,0.7785387635231018,187923.546875,161405.265625,151160.859375,155883.328125
924,2,0.02503056824207306,0.02698155678808689,0.026724498718976974,0.8524066805839539,0.7184080481529236,0.7040121555328369,168677.59375,128683.546875,101772.5859375,96563.546875
925,3,0.020895246416330338,0.012532307766377926,0.01214185543358326,0.8666519522666931,0.8628821969032288,0.8633074760437012,171999.75,129756.671875,113203.7109375,121705.0625
926,2,0.026411639526486397,0.02905515767633915,0.031454384326934814,0.8710336089134216,0.7616850733757019,0.7481966614723206,174978.234375,146400.1875,91278.1953125,102598.546875
927,3,0.020655330270528793,0.011551626026630402,0.011114927940070629,0.8917381763458252,0.8757714629173279,0.8817221522331238,158680.203125,124636.3203125,114457.1015625,110048.8359375
928,9,0.01900346949696541,0.013185609132051468,0.015395037829875946,0.8854014277458191,0.8773438930511475,0.8558351993560791,142703.765625,112958.7734375,91594.8359375,96167.4140625
929,1,0.012583427131175995,0.003906534519046545,0.004103358834981918,0.8944100737571716,0.9501322507858276,0.941108226776123,77374.140625,51238.19921875,63840.79296875,60536.015625
930,7,0.016120417043566704,0.014002610929310322,0.018402883782982826,0.9124373197555542,0.8255565166473389,0.7875167727470398,121025.7109375,97996.3046875,61604.7421875,56007.0
931,4,0.013813711702823639,0.010872543789446354,0.012085544876754284,0.8879483342170715,0.8728408813476562,0.846809983253479,94276.1484375,70716.6953125,68460.25,60805.46875
932,0,0.02271413244307041,0.02484074793756008,0.029691865667700768,0.8654231429100037,0.7596919536590576,0.7363422513008118,180839.734375,151442.171875,117697.5,121809.703125
933,3,0.021051760762929916,0.015735246241092682,0.01685526594519615,0.8669118881225586,0.8418692350387573,0.8272780179977417,166079.625,124161.6484375,108601.3671875,98273.4765625
934,5,0.02506895177066326,0.02769988402724266,0.03010297752916813,0.8802272081375122,0.7628781199455261,0.7309932708740234,167318.0,134993.78125,125592.796875,119878.1328125
935,5,0.021200401708483696,0.015339076519012451,0.020602870732545853,0.882439136505127,0.8381295204162598,0.7911562919616699,142008.140625,112073.3046875,95354.8828125,95255.21875
936,8,0.025879310443997383,0.02542184665799141,0.024537615478038788,0.8863233327865601,0.7692621946334839,0.7801201939582825,147587.390625,131403.453125,98221.3359375,96657.4296875
937,6,0.03513763099908829,0.01896076835691929,0.025806767866015434,0.8242409825325012,0.8224557042121887,0.791633665561676,169803.734375,134007.6875,114748.25,115055.1640625
938,3,0.025364646688103676,0.023692285642027855,0.02519679255783558,0.8723756074905396,0.7627189755439758,0.7131907939910889,165780.859375,135288.5,110200.734375,105001.203125
939,2,0.022785166278481483,0.016921767964959145,0.019184432923793793,0.8919247984886169,0.8257016539573669,0.8111427426338196,181685.875,146718.421875,131429.015625,117225.734375
940,6,0.021775079891085625,0.011867201887071133,0.013224526308476925,0.8996379375457764,0.9036221504211426,0.8722692728042603,157941.0,120334.0390625,129708.0078125,119300.4453125
941,7,0.015581228770315647,0.004407903179526329,0.005666991695761681,0.9201885461807251,0.9463323354721069,0.9266262054443359,133390.734375,117555.3515625,120580.546875,120647.90625
942,6,0.01926928199827671,0.008372614160180092,0.010506010614335537,0.900233268737793,0.9280045032501221,0.9177798628807068,158512.765625,117845.1640625,114877.7109375,105616.9140625
943,6,0.015341697260737419,0.014606134034693241,0.014021608047187328,0.9166283011436462,0.8436084389686584,0.8342081308364868,118639.46875,103591.3046875,77356.9453125,78944.765625
944,3,0.015187956392765045,0.019648218527436256,0.021745434030890465,0.9142603278160095,0.7877411246299744,0.7697213292121887,120885.0,84789.8125,66599.6953125,57846.3359375
945,2,0.036078888922929764,0.030285561457276344,0.029758622869849205,0.8410599231719971,0.759699285030365,0.7420210242271423,172583.390625,127235.6796875,117305.1171875,121058.671875
946,7,0.012374427169561386,0.009557642973959446,0.011551449075341225,0.9217471480369568,0.8794082999229431,0.8520017266273499,120255.46875,92211.5,87585.484375,79308.9609375
947,8,0.0436960905790329,0.012002022936940193,0.013129073195159435,0.8179408311843872,0.8927437663078308,0.889807939529419,140188.75,103741.9609375,94317.796875,101585.8125
948,1,0.0077730934135615826,0.0018102896865457296,0.0025895414873957634,0.9450163841247559,0.9728480577468872,0.9593712687492371,78728.28125,63082.0078125,72201.3828125,70694.53125
949,1,0.008922631852328777,0.005227847956120968,0.005885510239750147,0.9433943629264832,0.9429820775985718,0.9346725940704346,83623.671875,65400.21484375,74742.7109375,77896.8125
950,7,0.020563213154673576,0.008607495576143265,0.012213303707540035,0.9051046967506409,0.9086199402809143,0.8615455627441406,129843.21875,104094.9609375,86102.6953125,81558.75
951,5,0.018093591555953026,0.028315771371126175,0.028753425925970078,0.8963364362716675,0.747809886932373,0.7343153357505798,132948.078125,108680.5625,99479.734375,92414.1953125
952,6,0.016813555732369423,0.02496386505663395,0.0214682724326849,0.8829336762428284,0.6641858816146851,0.6993683576583862,113190.6484375,91256.734375,41889.87109375,48343.81640625
953,4,0.014431556686758995,0.00658040726557374,0.007971606217324734,0.9260815978050232,0.9176448583602905,0.9176303744316101,122930.140625,97864.9765625,111511.8984375,95459.0
954,9,0.017910022288560867,0.010337824933230877,0.007795306853950024,0.9067838788032532,0.919917106628418,0.9313513040542603,121206.5078125,87884.484375,85992.6015625,85112.546875
955,5,0.02970762364566326,0.020034272223711014,0.020257780328392982,0.8717316389083862,0.8243663311004639,0.8093244433403015,147174.859375,111822.2421875,122545.3828125,122788.2109375
956,1,0.02182544395327568,0.018983446061611176,0.021148595958948135,0.9017183780670166,0.8199699521064758,0.7676704525947571,124402.78125,100023.8359375,63762.203125,52009.08203125
957,3,0.020837096497416496,0.020276831462979317,0.029454799368977547,0.870839536190033,0.764061450958252,0.6704814434051514,161179.3125,130997.734375,100974.1171875,98832.9375
958,3,0.020886197686195374,0.0129097206518054,0.013932243920862675,0.889739990234375,0.8689408898353577,0.8501073122024536,131463.953125,105899.8984375,86062.1171875,85103.390625
959,4,0.008615711703896523,0.02022581361234188,0.021057717502117157,0.9542630314826965,0.7916275858879089,0.778662383556366,105024.140625,92238.40625,47049.83984375,42672.68359375
960,7,0.016547957435250282,0.02131345309317112,0.02147766947746277,0.9050601124763489,0.7425149083137512,0.7326995730400085,110743.1640625,93008.9375,54984.30859375,50118.75390625
961,8,0.02430887147784233,0.012543350458145142,0.015543966554105282,0.8896171450614929,0.8984347581863403,0.8675463795661926,162437.640625,135700.5,123397.203125,114059.1171875
962,9,0.01661902293562889,0.012121150270104408,0.011106804944574833,0.9205905795097351,0.8894776701927185,0.9106163382530212,134010.15625,106499.7734375,97610.578125,94350.203125
963,1,0.004671323113143444,0.004873586352914572,0.005960053764283657,0.9492621421813965,0.9234723448753357,0.9045131802558899,64704.58984375,51194.859375,59647.671875,59023.53125
964,1,0.004009958356618881,0.00481910165399313,0.004675519652664661,0.9466555714607239,0.9144608974456787,0.9144064784049988,56062.1640625,57316.34765625,63216.38671875,61229.21484375
965,6,0.01911516673862934,0.01662641204893589,0.023994887247681618,0.8981939554214478,0.8585789799690247,0.8166460394859314,168952.1875,143277.828125,125031.5703125,128020.234375
966,9,0.021416889503598213,0.013444856740534306,0.0125127537176013,0.894558310508728,0.894258439540863,0.898904025554657,141258.09375,108681.1484375,109001.734375,99700.4296875
967,1,0.009700596332550049,0.002817073604092002,0.0024455878883600235,0.9224737286567688,0.965811550617218,0.9704651236534119,83027.4375,68996.3671875,74823.5546875,70901.828125
968,4,0.015431014820933342,0.01291749905794859,0.015100570395588875,0.9222393035888672,0.8554505705833435,0.8399692177772522,123764.671875,87246.75,87988.1171875,86356.4375
969,4,0.00947799813002348,0.02233917824923992,0.01976693607866764,0.9370068907737732,0.7342402935028076,0.7654739022254944,116629.015625,107806.875,77001.8828125,84818.6875
970,5,0.01607499085366726,0.012893946841359138,0.014439694583415985,0.8974128365516663,0.8634071946144104,0.790477454662323,149386.125,113994.6640625,104480.0390625,94794.1015625
971,4,0.027784492820501328,0.009523337706923485,0.010763204656541348,0.8835228085517883,0.9136554598808289,0.8970094323158264,144319.265625,116038.0625,117707.8984375,111962.953125
972,0,0.03204840049147606,0.012676605023443699,0.01584070920944214,0.8547050356864929,0.9053028225898743,0.883255124092102,210376.890625,163907.46875,174749.5625,168878.46875
973,6,0.026876863092184067,0.020667416974902153,0.01925591193139553,0.8668054938316345,0.8605366945266724,0.8609195351600647,184452.078125,154951.28125,125652.34375,117663.1640625
974,2,0.026404395699501038,0.013744392432272434,0.015734568238258362,0.8711556792259216,0.8354350328445435,0.8124061822891235,177595.953125,124541.03125,136811.328125,127065.0390625
975,2,0.021823303773999214,0.02790769748389721,0.029744084924459457,0.8842343688011169,0.6854721307754517,0.6829007863998413,174140.765625,131293.796875,90378.1484375,94407.40625
976,3,0.019504502415657043,0.01705821231007576,0.017703348770737648,0.8954183459281921,0.8301830291748047,0.8244051933288574,139213.0,103026.53125,84343.2734375,71332.1015625
977,1,0.015497296117246151,0.006055336911231279,0.005956143140792847,0.9254093170166016,0.922407865524292,0.9197062849998474,95424.7109375,74093.1796875,80478.359375,78291.5
978,5,0.024357996881008148,0.016331182792782784,0.018811974674463272,0.8707642555236816,0.8311959505081177,0.8235617280006409,192303.625,141136.34375,123481.9140625,122224.203125
979,1,0.014350089244544506,0.004586879163980484,0.005463746841996908,0.9185168743133545,0.9465099573135376,0.9288666844367981,92568.8359375,70000.140625,76746.7421875,81250.40625
980,2,0.020630670711398125,0.022322697564959526,0.023149538785219193,0.8814100623130798,0.7343412041664124,0.7279165983200073,140078.75,98252.984375,68477.8359375,60143.82421875
981,0,0.02550971880555153,0.013109477236866951,0.015367874875664711,0.8657026886940002,0.8944865465164185,0.8767566084861755,183427.625,147104.5625,153075.28125,158575.0
982,3,0.021915197372436523,0.022743526846170425,0.023564333096146584,0.8952885866165161,0.8140778541564941,0.7811806201934814,144960.328125,114889.5703125,88682.1796875,85306.890625
983,8,0.01652613840997219,0.009305723011493683,0.010574059560894966,0.9132271409034729,0.9268125891685486,0.89995938539505,140990.765625,116963.203125,112432.3984375,105549.0625
984,1,0.009319458156824112,0.00276398379355669,0.003135252045467496,0.9150214791297913,0.9523231983184814,0.9430955052375793,68419.6875,52451.1484375,59830.26953125,61672.28515625
985,2,0.03211783245205879,0.018127866089344025,0.02290537767112255,0.8416344523429871,0.8360751867294312,0.7728745937347412,206190.65625,169134.359375,169234.109375,147117.765625
986,6,0.028480587527155876,0.009786549024283886,0.011655797250568867,0.8753703832626343,0.9212169051170349,0.9061691164970398,147308.21875,116607.1796875,122477.0625,119340.9453125
987,7,0.010885052382946014,0.016485750675201416,0.02086641825735569,0.9379783868789673,0.8299621343612671,0.7899537086486816,118732.53125,103787.609375,104152.3359375,104038.75
988,1,0.009139055386185646,0.0059264423325657845,0.006815850734710693,0.9248881340026855,0.9085460901260376,0.8926053643226624,69001.765625,51824.984375,50401.72265625,51704.4921875
989,6,0.020313655957579613,0.016540590673685074,0.018468359485268593,0.9003761410713196,0.8689430356025696,0.8540507555007935,161154.484375,134203.734375,97101.375,102116.109375
990,2,0.02187090925872326,0.029044853523373604,0.026938630267977715,0.834279477596283,0.6768149137496948,0.7140001654624939,155552.53125,118793.1640625,90376.8984375,78207.53125
991,3,0.032107166945934296,0.03433933109045029,0.029270824044942856,0.8681575059890747,0.7266344428062439,0.7243541479110718,187081.21875,143965.734375,107320.1171875,111202.5703125
992,9,0.019618922844529152,0.015017002820968628,0.01615120843052864,0.8930984139442444,0.8748341798782349,0.867514431476593,146702.796875,110050.8828125,116307.265625,107592.6484375
993,0,0.02138233557343483,0.012402764521539211,0.015663383528590202,0.8937059044837952,0.9060745239257812,0.8651970624923706,154628.09375,125823.8515625,138927.21875,141911.109375
994,1,0.016095248982310295,0.0061806500889360905,0.007752789184451103,0.9208604097366333,0.9280694127082825,0.9172737002372742,97156.7109375,74229.1875,73251.859375,74186.609375
995,2,0.03924253582954407,0.021136175841093063,0.03002253547310829,0.8318988084793091,0.8034589886665344,0.7140432596206665,167280.78125,135519.859375,118518.53125,104577.9609375
996,2,0.02243347279727459,0.017658334225416183,0.02030087634921074,0.8812710046768188,0.76982581615448,0.7672345042228699,161497.21875,124824.5703125,119133.3828125,110673.96875
997,0,0.04773564264178276,0.015688417479395866,0.019192615523934364,0.8062487244606018,0.8726547956466675,0.840532660484314,204427.875,156251.421875,167149.34375,165109.703125
998,8,0.04577164724469185,0.027441024780273438,0.02906690537929535,0.8190546631813049,0.7291479110717773,0.7310923337936401,154366.265625,138134.328125,80679.890625,74120.0546875
999,9,0.018582502380013466,0.014885012991726398,0.018601253628730774,0.9033979177474976,0.8421456217765808,0.8038513660430908,126792.6328125,92762.0390625,89394.4296875,80802.1171875
